Applicant ID,School Name,GPA,Degree,Location,Gender,Veteran status,Work authorization,Disability,Ethnicity,Role 1,Start 1,End 1,Role 2,Start 2,End 2,Role 3,Start 3,End 3
32401,,3.6,Phd,,F,N/A,1,0,1,N/A,N/A,N/A,N/A,N/A,N/A,N/A,N/A,N/A
32402,,2.4,Bachelors,,F,N/A,0,N/A,3,N/A,N/A,N/A,N/A,N/A,N/A,N/A,N/A,N/A
32403,,2.1,Masters,,F,0,1,1,0,N/A,N/A,N/A,N/A,N/A,N/A,N/A,N/A,N/A
32404,,3.1,Bachelors,,N/A,N/A,1,1,3,N/A,N/A,N/A,N/A,N/A,N/A,N/A,N/A,N/A
32405,,2.6,Masters,,N/A,1,1,1,1,N/A,N/A,N/A,N/A,N/A,N/A,N/A,N/A,N/A
32406,,3.2,Masters,,M,N/A,0,0,3,N/A,N/A,N/A,N/A,N/A,N/A,N/A,N/A,N/A
32407,,3.9,Phd,,M,N/A,1,N/A,1,N/A,N/A,N/A,N/A,N/A,N/A,N/A,N/A,N/A
32408,,2.6,Bachelors,,F,0,1,0,0,N/A,N/A,N/A,N/A,N/A,N/A,N/A,N/A,N/A
32409,,4.0,Masters,,N/A,1,1,1,4,N/A,N/A,N/A,N/A,N/A,N/A,N/A,N/A,N/A
32410,,2.9,Masters,,M,0,0,1,2,N/A,N/A,N/A,N/A,N/A,N/A,N/A,N/A,N/A
32411,,3.1,Phd,,M,1,0,1,0,N/A,N/A,N/A,N/A,N/A,N/A,N/A,N/A,N/A
32412,,2.7,Phd,,N/A,1,0,1,1,N/A,N/A,N/A,N/A,N/A,N/A,N/A,N/A,N/A
32413,,3.1,Bachelors,,M,1,0,N/A,0,N/A,N/A,N/A,N/A,N/A,N/A,N/A,N/A,N/A
32414,,4.0,Bachelors,,M,1,1,1,1,N/A,N/A,N/A,N/A,N/A,N/A,N/A,N/A,N/A
32415,,4.0,Phd,,F,N/A,1,1,0,N/A,N/A,N/A,N/A,N/A,N/A,N/A,N/A,N/A
32416,,2.6,Bachelors,,F,1,0,1,4,N/A,N/A,N/A,N/A,N/A,N/A,N/A,N/A,N/A
32417,,3.6,Bachelors,,N/A,1,0,1,1,N/A,N/A,N/A,N/A,N/A,N/A,N/A,N/A,N/A
32418,,2.9,Masters,,F,1,0,N/A,0,N/A,N/A,N/A,N/A,N/A,N/A,N/A,N/A,N/A
32419,,2.7,Bachelors,,N/A,0,0,N/A,4,N/A,N/A,N/A,N/A,N/A,N/A,N/A,N/A,N/A
32420,,3.3,Bachelors,,F,1,1,N/A,1,N/A,N/A,N/A,N/A,N/A,N/A,N/A,N/A,N/A
32421,,3.5,Bachelors,,F,1,1,N/A,4,N/A,N/A,N/A,N/A,N/A,N/A,N/A,N/A,N/A
32422,,3.6,Phd,,N/A,0,0,N/A,0,N/A,N/A,N/A,N/A,N/A,N/A,N/A,N/A,N/A
32423,,3.3,Phd,,F,0,0,N/A,1,N/A,N/A,N/A,N/A,N/A,N/A,N/A,N/A,N/A
32424,,3.0,Bachelors,,N/A,N/A,0,N/A,0,N/A,N/A,N/A,N/A,N/A,N/A,N/A,N/A,N/A
32425,,3.1,Phd,,F,0,0,1,4,N/A,N/A,N/A,N/A,N/A,N/A,N/A,N/A,N/A
32426,,2.5,Masters,,F,1,0,0,1,N/A,N/A,N/A,N/A,N/A,N/A,N/A,N/A,N/A
32427,,3.1,Masters,,M,0,1,0,3,N/A,N/A,N/A,N/A,N/A,N/A,N/A,N/A,N/A
32428,,3.1,Masters,,F,0,0,0,0,N/A,N/A,N/A,N/A,N/A,N/A,N/A,N/A,N/A
32429,,3.7,Masters,,M,0,0,0,3,N/A,N/A,N/A,N/A,N/A,N/A,N/A,N/A,N/A
32430,,3.3,Bachelors,,M,0,0,0,4,N/A,N/A,N/A,N/A,N/A,N/A,N/A,N/A,N/A
32431,,3.9,Masters,,F,N/A,0,0,3,N/A,N/A,N/A,N/A,N/A,N/A,N/A,N/A,N/A
32432,,2.6,Masters,,N/A,N/A,0,1,1,N/A,N/A,N/A,N/A,N/A,N/A,N/A,N/A,N/A
32433,,3.2,Phd,,N/A,N/A,1,0,3,N/A,N/A,N/A,N/A,N/A,N/A,N/A,N/A,N/A
32434,,3.5,Bachelors,,F,N/A,1,N/A,3,N/A,N/A,N/A,N/A,N/A,N/A,N/A,N/A,N/A
32435,,2.4,Masters,,F,0,1,N/A,2,N/A,N/A,N/A,N/A,N/A,N/A,N/A,N/A,N/A
32436,,2.4,Bachelors,,F,1,1,1,3,N/A,N/A,N/A,N/A,N/A,N/A,N/A,N/A,N/A
32437,,3.7,Bachelors,,M,0,0,N/A,2,N/A,N/A,N/A,N/A,N/A,N/A,N/A,N/A,N/A
32438,,2.2,Masters,,F,1,0,1,4,N/A,N/A,N/A,N/A,N/A,N/A,N/A,N/A,N/A
32439,,3.7,Phd,,F,1,0,N/A,4,N/A,N/A,N/A,N/A,N/A,N/A,N/A,N/A,N/A
32440,,3.2,Masters,,F,0,0,N/A,4,N/A,N/A,N/A,N/A,N/A,N/A,N/A,N/A,N/A
32441,,3.0,Masters,,F,N/A,0,0,2,N/A,N/A,N/A,N/A,N/A,N/A,N/A,N/A,N/A
32442,,2.7,Bachelors,,F,1,0,0,0,N/A,N/A,N/A,N/A,N/A,N/A,N/A,N/A,N/A
32443,,2.1,Bachelors,,M,1,0,0,4,N/A,N/A,N/A,N/A,N/A,N/A,N/A,N/A,N/A
32444,,3.0,Phd,,F,1,1,0,3,N/A,N/A,N/A,N/A,N/A,N/A,N/A,N/A,N/A
32445,,4.0,Phd,,F,0,1,N/A,4,N/A,N/A,N/A,N/A,N/A,N/A,N/A,N/A,N/A
32446,,3.0,Masters,,F,N/A,0,N/A,4,N/A,N/A,N/A,N/A,N/A,N/A,N/A,N/A,N/A
32447,,3.2,Masters,,M,N/A,0,N/A,3,N/A,N/A,N/A,N/A,N/A,N/A,N/A,N/A,N/A
32448,,2.9,Phd,,N/A,1,1,1,3,N/A,N/A,N/A,N/A,N/A,N/A,N/A,N/A,N/A
32449,,2.0,Bachelors,,F,N/A,1,0,4,N/A,N/A,N/A,N/A,N/A,N/A,N/A,N/A,N/A
32450,,4.0,Bachelors,,N/A,N/A,1,N/A,1,N/A,N/A,N/A,N/A,N/A,N/A,N/A,N/A,N/A
32451,,3.3,Masters,,M,N/A,1,0,4,N/A,N/A,N/A,N/A,N/A,N/A,N/A,N/A,N/A
32452,,3.6,Phd,,F,0,0,1,3,N/A,N/A,N/A,N/A,N/A,N/A,N/A,N/A,N/A
32453,,3.8,Bachelors,,F,1,1,0,4,N/A,N/A,N/A,N/A,N/A,N/A,N/A,N/A,N/A
32454,,2.4,Phd,,M,1,0,0,4,N/A,N/A,N/A,N/A,N/A,N/A,N/A,N/A,N/A
32455,,2.2,Masters,,N/A,1,1,N/A,3,N/A,N/A,N/A,N/A,N/A,N/A,N/A,N/A,N/A
32456,,2.5,Bachelors,,M,N/A,1,N/A,4,N/A,N/A,N/A,N/A,N/A,N/A,N/A,N/A,N/A
32457,,2.0,Bachelors,,F,N/A,0,0,1,N/A,N/A,N/A,N/A,N/A,N/A,N/A,N/A,N/A
32458,,2.0,Masters,,M,1,0,0,4,N/A,N/A,N/A,N/A,N/A,N/A,N/A,N/A,N/A
32459,,2.4,Masters,,F,0,1,N/A,4,N/A,N/A,N/A,N/A,N/A,N/A,N/A,N/A,N/A
32460,,2.7,Masters,,M,0,0,N/A,1,N/A,N/A,N/A,N/A,N/A,N/A,N/A,N/A,N/A
32461,,2.1,Phd,,M,0,1,N/A,4,N/A,N/A,N/A,N/A,N/A,N/A,N/A,N/A,N/A
32462,,3.8,Phd,,N/A,N/A,0,0,2,N/A,N/A,N/A,N/A,N/A,N/A,N/A,N/A,N/A
32463,,2.1,Masters,,N/A,1,1,1,4,N/A,N/A,N/A,N/A,N/A,N/A,N/A,N/A,N/A
32464,,2.6,Masters,,M,0,1,0,2,N/A,N/A,N/A,N/A,N/A,N/A,N/A,N/A,N/A
32465,,2.2,Phd,,F,N/A,0,N/A,3,N/A,N/A,N/A,N/A,N/A,N/A,N/A,N/A,N/A
32466,,2.6,Bachelors,,N/A,N/A,0,N/A,3,N/A,N/A,N/A,N/A,N/A,N/A,N/A,N/A,N/A
32467,,3.2,Bachelors,,N/A,0,0,1,0,N/A,N/A,N/A,N/A,N/A,N/A,N/A,N/A,N/A
32468,,2.7,Bachelors,,N/A,N/A,0,0,4,N/A,N/A,N/A,N/A,N/A,N/A,N/A,N/A,N/A
32469,,3.9,Phd,,N/A,1,1,1,3,N/A,N/A,N/A,N/A,N/A,N/A,N/A,N/A,N/A
32470,,2.4,Masters,,N/A,1,1,0,0,N/A,N/A,N/A,N/A,N/A,N/A,N/A,N/A,N/A
32471,,2.7,Masters,,M,0,1,N/A,2,N/A,N/A,N/A,N/A,N/A,N/A,N/A,N/A,N/A
32472,,3.2,Phd,,F,N/A,0,1,2,N/A,N/A,N/A,N/A,N/A,N/A,N/A,N/A,N/A
32473,,2.7,Masters,,N/A,N/A,1,N/A,2,N/A,N/A,N/A,N/A,N/A,N/A,N/A,N/A,N/A
32474,,2.3,Bachelors,,M,N/A,1,0,2,N/A,N/A,N/A,N/A,N/A,N/A,N/A,N/A,N/A
32475,,2.8,Bachelors,,M,0,0,0,1,N/A,N/A,N/A,N/A,N/A,N/A,N/A,N/A,N/A
32476,,2.8,Masters,,M,1,1,0,0,N/A,N/A,N/A,N/A,N/A,N/A,N/A,N/A,N/A
32477,,2.7,Masters,,M,1,0,1,2,N/A,N/A,N/A,N/A,N/A,N/A,N/A,N/A,N/A
32478,,3.3,Bachelors,,F,1,0,0,2,N/A,N/A,N/A,N/A,N/A,N/A,N/A,N/A,N/A
32479,,2.2,Masters,,F,1,1,1,0,N/A,N/A,N/A,N/A,N/A,N/A,N/A,N/A,N/A
32480,,2.7,Phd,,N/A,0,1,N/A,2,N/A,N/A,N/A,N/A,N/A,N/A,N/A,N/A,N/A
32481,,3.5,Masters,,N/A,1,1,1,2,N/A,N/A,N/A,N/A,N/A,N/A,N/A,N/A,N/A
32482,,2.7,Phd,,M,0,0,0,2,N/A,N/A,N/A,N/A,N/A,N/A,N/A,N/A,N/A
32483,,3.2,Phd,,N/A,1,1,0,3,N/A,N/A,N/A,N/A,N/A,N/A,N/A,N/A,N/A
32484,,3.0,Bachelors,,M,N/A,0,0,1,N/A,N/A,N/A,N/A,N/A,N/A,N/A,N/A,N/A
32485,,4.0,Bachelors,,F,N/A,1,N/A,3,N/A,N/A,N/A,N/A,N/A,N/A,N/A,N/A,N/A
32486,,3.6,Masters,,M,1,1,1,1,N/A,N/A,N/A,N/A,N/A,N/A,N/A,N/A,N/A
32487,,2.8,Masters,,F,0,1,0,3,N/A,N/A,N/A,N/A,N/A,N/A,N/A,N/A,N/A
32488,,2.6,Phd,,F,N/A,1,N/A,0,N/A,N/A,N/A,N/A,N/A,N/A,N/A,N/A,N/A
32489,,2.5,Phd,,F,0,0,0,2,N/A,N/A,N/A,N/A,N/A,N/A,N/A,N/A,N/A
32490,,2.6,Masters,,M,0,1,N/A,0,N/A,N/A,N/A,N/A,N/A,N/A,N/A,N/A,N/A
32491,,3.3,Bachelors,,F,N/A,0,N/A,1,N/A,N/A,N/A,N/A,N/A,N/A,N/A,N/A,N/A
32492,,2.5,Phd,,F,0,1,N/A,2,N/A,N/A,N/A,N/A,N/A,N/A,N/A,N/A,N/A
32493,,3.4,Bachelors,,N/A,N/A,1,1,4,N/A,N/A,N/A,N/A,N/A,N/A,N/A,N/A,N/A
32494,,3.3,Masters,,N/A,1,0,N/A,2,N/A,N/A,N/A,N/A,N/A,N/A,N/A,N/A,N/A
32495,,2.3,Bachelors,,M,1,0,0,0,N/A,N/A,N/A,N/A,N/A,N/A,N/A,N/A,N/A
32496,,2.9,Phd,,N/A,N/A,0,1,3,N/A,N/A,N/A,N/A,N/A,N/A,N/A,N/A,N/A
32497,,2.2,Bachelors,,M,N/A,1,1,1,N/A,N/A,N/A,N/A,N/A,N/A,N/A,N/A,N/A
32498,,3.7,Masters,,N/A,1,0,0,0,N/A,N/A,N/A,N/A,N/A,N/A,N/A,N/A,N/A
32499,,4.0,Bachelors,,N/A,N/A,0,0,0,N/A,N/A,N/A,N/A,N/A,N/A,N/A,N/A,N/A
32500,,2.1,Phd,,F,0,0,N/A,3,N/A,N/A,N/A,N/A,N/A,N/A,N/A,N/A,N/A
32501,,3.2,Masters,,M,1,0,1,3,N/A,N/A,N/A,N/A,N/A,N/A,N/A,N/A,N/A
32502,,2.9,Phd,,F,1,0,0,4,N/A,N/A,N/A,N/A,N/A,N/A,N/A,N/A,N/A
32503,,3.1,Bachelors,,M,N/A,1,1,1,N/A,N/A,N/A,N/A,N/A,N/A,N/A,N/A,N/A
32504,,3.1,Phd,,M,0,1,0,3,N/A,N/A,N/A,N/A,N/A,N/A,N/A,N/A,N/A
32505,,3.0,Masters,,M,N/A,0,1,1,N/A,N/A,N/A,N/A,N/A,N/A,N/A,N/A,N/A
32506,,2.6,Bachelors,,M,1,0,1,2,N/A,N/A,N/A,N/A,N/A,N/A,N/A,N/A,N/A
32507,,2.4,Masters,,N/A,1,1,1,2,N/A,N/A,N/A,N/A,N/A,N/A,N/A,N/A,N/A
32508,,3.7,Bachelors,,F,N/A,0,0,0,N/A,N/A,N/A,N/A,N/A,N/A,N/A,N/A,N/A
32509,,2.0,Bachelors,,F,N/A,0,0,1,N/A,N/A,N/A,N/A,N/A,N/A,N/A,N/A,N/A
32510,,3.4,Masters,,N/A,0,1,1,2,N/A,N/A,N/A,N/A,N/A,N/A,N/A,N/A,N/A
32511,,2.5,Masters,,M,N/A,0,N/A,3,N/A,N/A,N/A,N/A,N/A,N/A,N/A,N/A,N/A
32512,,2.8,Bachelors,,F,0,1,1,0,N/A,N/A,N/A,N/A,N/A,N/A,N/A,N/A,N/A
32513,,3.0,Phd,,M,0,0,1,1,N/A,N/A,N/A,N/A,N/A,N/A,N/A,N/A,N/A
32514,,3.8,Bachelors,,M,1,1,1,1,N/A,N/A,N/A,N/A,N/A,N/A,N/A,N/A,N/A
32515,,3.6,Bachelors,,M,1,1,1,1,N/A,N/A,N/A,N/A,N/A,N/A,N/A,N/A,N/A
32516,,3.2,Bachelors,,F,1,1,0,2,N/A,N/A,N/A,N/A,N/A,N/A,N/A,N/A,N/A
32517,,3.8,Bachelors,,N/A,N/A,1,N/A,1,N/A,N/A,N/A,N/A,N/A,N/A,N/A,N/A,N/A
32518,,3.8,Masters,,M,N/A,0,1,4,N/A,N/A,N/A,N/A,N/A,N/A,N/A,N/A,N/A
32519,,2.8,Phd,,F,1,0,1,4,N/A,N/A,N/A,N/A,N/A,N/A,N/A,N/A,N/A
32520,,3.7,Bachelors,,M,N/A,1,0,0,N/A,N/A,N/A,N/A,N/A,N/A,N/A,N/A,N/A
32521,,3.5,Phd,,N/A,0,0,N/A,2,N/A,N/A,N/A,N/A,N/A,N/A,N/A,N/A,N/A
32522,,3.8,Masters,,M,0,1,0,2,N/A,N/A,N/A,N/A,N/A,N/A,N/A,N/A,N/A
32523,,3.0,Masters,,M,1,0,0,4,N/A,N/A,N/A,N/A,N/A,N/A,N/A,N/A,N/A
32524,,2.5,Masters,,N/A,N/A,0,N/A,2,N/A,N/A,N/A,N/A,N/A,N/A,N/A,N/A,N/A
32525,,4.0,Phd,,N/A,0,0,1,4,N/A,N/A,N/A,N/A,N/A,N/A,N/A,N/A,N/A
32526,,3.4,Masters,,M,N/A,0,N/A,1,N/A,N/A,N/A,N/A,N/A,N/A,N/A,N/A,N/A
32527,,3.2,Bachelors,,N/A,1,0,N/A,1,N/A,N/A,N/A,N/A,N/A,N/A,N/A,N/A,N/A
32528,,3.6,Masters,,M,0,1,N/A,2,N/A,N/A,N/A,N/A,N/A,N/A,N/A,N/A,N/A
32529,,2.3,Masters,,F,N/A,1,0,2,N/A,N/A,N/A,N/A,N/A,N/A,N/A,N/A,N/A
32530,,2.5,Phd,,N/A,0,1,1,4,N/A,N/A,N/A,N/A,N/A,N/A,N/A,N/A,N/A
32531,,3.0,Phd,,F,N/A,1,1,3,N/A,N/A,N/A,N/A,N/A,N/A,N/A,N/A,N/A
32532,,2.0,Masters,,N/A,1,1,0,1,N/A,N/A,N/A,N/A,N/A,N/A,N/A,N/A,N/A
32533,,3.1,Masters,,F,N/A,0,0,1,N/A,N/A,N/A,N/A,N/A,N/A,N/A,N/A,N/A
32534,,3.6,Masters,,F,N/A,0,1,2,N/A,N/A,N/A,N/A,N/A,N/A,N/A,N/A,N/A
32535,,3.1,Masters,,M,1,1,1,1,N/A,N/A,N/A,N/A,N/A,N/A,N/A,N/A,N/A
32536,,2.7,Phd,,F,1,1,1,2,N/A,N/A,N/A,N/A,N/A,N/A,N/A,N/A,N/A
32537,,3.2,Phd,,M,1,0,0,1,N/A,N/A,N/A,N/A,N/A,N/A,N/A,N/A,N/A
32538,,3.5,Phd,,F,0,1,N/A,4,N/A,N/A,N/A,N/A,N/A,N/A,N/A,N/A,N/A
32539,,3.2,Bachelors,,F,1,1,0,3,N/A,N/A,N/A,N/A,N/A,N/A,N/A,N/A,N/A
32540,,2.6,Bachelors,,N/A,0,1,0,1,N/A,N/A,N/A,N/A,N/A,N/A,N/A,N/A,N/A
32541,,2.5,Bachelors,,N/A,0,1,0,4,N/A,N/A,N/A,N/A,N/A,N/A,N/A,N/A,N/A
32542,,2.2,Masters,,N/A,0,0,0,4,N/A,N/A,N/A,N/A,N/A,N/A,N/A,N/A,N/A
32543,,4.0,Masters,,N/A,0,0,1,0,N/A,N/A,N/A,N/A,N/A,N/A,N/A,N/A,N/A
32544,,4.0,Bachelors,,F,1,1,1,0,N/A,N/A,N/A,N/A,N/A,N/A,N/A,N/A,N/A
32545,,2.0,Masters,,F,0,0,N/A,3,N/A,N/A,N/A,N/A,N/A,N/A,N/A,N/A,N/A
32546,,2.4,Phd,,F,0,1,0,4,N/A,N/A,N/A,N/A,N/A,N/A,N/A,N/A,N/A
32547,,2.5,Masters,,N/A,1,0,1,2,N/A,N/A,N/A,N/A,N/A,N/A,N/A,N/A,N/A
32548,,2.0,Phd,,N/A,N/A,0,N/A,3,N/A,N/A,N/A,N/A,N/A,N/A,N/A,N/A,N/A
32549,,2.0,Bachelors,,N/A,N/A,0,N/A,4,N/A,N/A,N/A,N/A,N/A,N/A,N/A,N/A,N/A
32550,,2.9,Phd,,N/A,N/A,1,N/A,1,N/A,N/A,N/A,N/A,N/A,N/A,N/A,N/A,N/A
32551,,2.6,Masters,,N/A,N/A,0,N/A,4,N/A,N/A,N/A,N/A,N/A,N/A,N/A,N/A,N/A
32552,,2.0,Bachelors,,M,0,0,1,0,N/A,N/A,N/A,N/A,N/A,N/A,N/A,N/A,N/A
32553,,2.9,Bachelors,,N/A,N/A,0,N/A,0,N/A,N/A,N/A,N/A,N/A,N/A,N/A,N/A,N/A
32554,,3.5,Bachelors,,M,N/A,0,N/A,4,N/A,N/A,N/A,N/A,N/A,N/A,N/A,N/A,N/A
32555,,2.2,Phd,,N/A,N/A,1,N/A,3,N/A,N/A,N/A,N/A,N/A,N/A,N/A,N/A,N/A
32556,,2.6,Phd,,F,1,0,1,4,N/A,N/A,N/A,N/A,N/A,N/A,N/A,N/A,N/A
32557,,3.5,Masters,,F,N/A,0,N/A,0,N/A,N/A,N/A,N/A,N/A,N/A,N/A,N/A,N/A
32558,,3.2,Masters,,N/A,0,0,0,1,N/A,N/A,N/A,N/A,N/A,N/A,N/A,N/A,N/A
32559,,3.3,Bachelors,,N/A,N/A,0,1,2,N/A,N/A,N/A,N/A,N/A,N/A,N/A,N/A,N/A
32560,,3.7,Bachelors,,N/A,0,0,0,3,N/A,N/A,N/A,N/A,N/A,N/A,N/A,N/A,N/A
32561,,2.3,Bachelors,,M,1,0,0,3,N/A,N/A,N/A,N/A,N/A,N/A,N/A,N/A,N/A
32562,,3.8,Phd,,F,0,1,1,1,N/A,N/A,N/A,N/A,N/A,N/A,N/A,N/A,N/A
32563,,3.7,Masters,,N/A,0,0,N/A,3,N/A,N/A,N/A,N/A,N/A,N/A,N/A,N/A,N/A
32564,,4.0,Masters,,N/A,0,0,0,2,N/A,N/A,N/A,N/A,N/A,N/A,N/A,N/A,N/A
32565,,4.0,Masters,,M,1,0,N/A,1,N/A,N/A,N/A,N/A,N/A,N/A,N/A,N/A,N/A
32566,,2.2,Masters,,F,0,0,N/A,2,N/A,N/A,N/A,N/A,N/A,N/A,N/A,N/A,N/A
32567,,2.1,Phd,,M,1,1,N/A,1,N/A,N/A,N/A,N/A,N/A,N/A,N/A,N/A,N/A
32568,,3.3,Phd,,N/A,N/A,1,0,0,N/A,N/A,N/A,N/A,N/A,N/A,N/A,N/A,N/A
32569,,2.5,Masters,,N/A,0,1,0,0,N/A,N/A,N/A,N/A,N/A,N/A,N/A,N/A,N/A
32570,,3.4,Phd,,F,0,1,0,3,N/A,N/A,N/A,N/A,N/A,N/A,N/A,N/A,N/A
32571,,2.5,Bachelors,,N/A,N/A,1,0,1,N/A,N/A,N/A,N/A,N/A,N/A,N/A,N/A,N/A
32572,,2.1,Masters,,F,N/A,1,N/A,2,N/A,N/A,N/A,N/A,N/A,N/A,N/A,N/A,N/A
32573,,2.2,Bachelors,,M,0,1,1,4,N/A,N/A,N/A,N/A,N/A,N/A,N/A,N/A,N/A
32574,,2.9,Phd,,M,N/A,1,1,1,N/A,N/A,N/A,N/A,N/A,N/A,N/A,N/A,N/A
32575,,2.9,Bachelors,,F,0,0,N/A,1,N/A,N/A,N/A,N/A,N/A,N/A,N/A,N/A,N/A
32576,,3.4,Masters,,M,N/A,1,N/A,2,N/A,N/A,N/A,N/A,N/A,N/A,N/A,N/A,N/A
32577,,2.2,Masters,,F,0,1,1,3,N/A,N/A,N/A,N/A,N/A,N/A,N/A,N/A,N/A
32578,,2.0,Phd,,F,N/A,0,N/A,2,N/A,N/A,N/A,N/A,N/A,N/A,N/A,N/A,N/A
32579,,4.0,Bachelors,,M,N/A,0,1,0,N/A,N/A,N/A,N/A,N/A,N/A,N/A,N/A,N/A
32580,,3.2,Phd,,N/A,0,0,1,2,N/A,N/A,N/A,N/A,N/A,N/A,N/A,N/A,N/A
32581,,3.9,Masters,,M,0,0,1,1,N/A,N/A,N/A,N/A,N/A,N/A,N/A,N/A,N/A
32582,,2.3,Masters,,N/A,1,0,1,0,N/A,N/A,N/A,N/A,N/A,N/A,N/A,N/A,N/A
32583,,3.4,Bachelors,,F,0,0,1,3,N/A,N/A,N/A,N/A,N/A,N/A,N/A,N/A,N/A
32584,,2.0,Masters,,F,1,0,N/A,4,N/A,N/A,N/A,N/A,N/A,N/A,N/A,N/A,N/A
32585,,3.4,Phd,,N/A,0,0,0,2,N/A,N/A,N/A,N/A,N/A,N/A,N/A,N/A,N/A
32586,,2.3,Bachelors,,N/A,0,0,0,1,N/A,N/A,N/A,N/A,N/A,N/A,N/A,N/A,N/A
32587,,3.4,Phd,,M,1,1,0,0,N/A,N/A,N/A,N/A,N/A,N/A,N/A,N/A,N/A
32588,,2.4,Phd,,F,1,0,1,1,N/A,N/A,N/A,N/A,N/A,N/A,N/A,N/A,N/A
32589,,3.9,Phd,,N/A,1,0,0,4,N/A,N/A,N/A,N/A,N/A,N/A,N/A,N/A,N/A
32590,,2.2,Phd,,N/A,N/A,1,1,3,N/A,N/A,N/A,N/A,N/A,N/A,N/A,N/A,N/A
32591,,3.9,Masters,,M,0,1,0,3,N/A,N/A,N/A,N/A,N/A,N/A,N/A,N/A,N/A
32592,,2.4,Masters,,N/A,1,0,1,2,N/A,N/A,N/A,N/A,N/A,N/A,N/A,N/A,N/A
32593,,3.1,Bachelors,,F,0,0,1,0,N/A,N/A,N/A,N/A,N/A,N/A,N/A,N/A,N/A
32594,,2.2,Bachelors,,M,0,1,0,1,N/A,N/A,N/A,N/A,N/A,N/A,N/A,N/A,N/A
32595,,2.7,Phd,,M,N/A,0,0,4,N/A,N/A,N/A,N/A,N/A,N/A,N/A,N/A,N/A
32596,,3.5,Masters,,M,1,1,1,4,N/A,N/A,N/A,N/A,N/A,N/A,N/A,N/A,N/A
32597,,3.4,Phd,,M,1,0,0,1,N/A,N/A,N/A,N/A,N/A,N/A,N/A,N/A,N/A
32598,,2.2,Bachelors,,N/A,N/A,0,N/A,4,N/A,N/A,N/A,N/A,N/A,N/A,N/A,N/A,N/A
32599,,3.9,Masters,,M,0,0,1,1,N/A,N/A,N/A,N/A,N/A,N/A,N/A,N/A,N/A
32600,,2.6,Bachelors,,F,N/A,1,0,4,N/A,N/A,N/A,N/A,N/A,N/A,N/A,N/A,N/A
32601,,3.8,Bachelors,,F,N/A,0,0,4,N/A,N/A,N/A,N/A,N/A,N/A,N/A,N/A,N/A
32602,,3.1,Masters,,M,N/A,1,1,4,N/A,N/A,N/A,N/A,N/A,N/A,N/A,N/A,N/A
32603,,2.9,Phd,,M,0,0,0,1,N/A,N/A,N/A,N/A,N/A,N/A,N/A,N/A,N/A
32604,,3.7,Bachelors,,N/A,0,0,0,1,N/A,N/A,N/A,N/A,N/A,N/A,N/A,N/A,N/A
32605,,2.1,Masters,,N/A,1,1,N/A,3,N/A,N/A,N/A,N/A,N/A,N/A,N/A,N/A,N/A
32606,,3.9,Bachelors,,M,N/A,0,N/A,2,N/A,N/A,N/A,N/A,N/A,N/A,N/A,N/A,N/A
32607,,3.0,Phd,,N/A,0,1,0,2,N/A,N/A,N/A,N/A,N/A,N/A,N/A,N/A,N/A
32608,,3.2,Masters,,M,1,0,N/A,4,N/A,N/A,N/A,N/A,N/A,N/A,N/A,N/A,N/A
32609,,3.2,Masters,,N/A,1,1,N/A,2,N/A,N/A,N/A,N/A,N/A,N/A,N/A,N/A,N/A
32610,,3.3,Bachelors,,N/A,N/A,0,0,2,N/A,N/A,N/A,N/A,N/A,N/A,N/A,N/A,N/A
32611,,3.9,Bachelors,,M,N/A,0,N/A,2,N/A,N/A,N/A,N/A,N/A,N/A,N/A,N/A,N/A
32612,,2.0,Phd,,N/A,1,0,N/A,3,N/A,N/A,N/A,N/A,N/A,N/A,N/A,N/A,N/A
32613,,3.7,Masters,,M,1,1,0,1,N/A,N/A,N/A,N/A,N/A,N/A,N/A,N/A,N/A
32614,,3.1,Bachelors,,F,0,1,1,3,N/A,N/A,N/A,N/A,N/A,N/A,N/A,N/A,N/A
32615,,3.2,Phd,,F,1,1,0,0,N/A,N/A,N/A,N/A,N/A,N/A,N/A,N/A,N/A
32616,,2.4,Bachelors,,N/A,1,0,1,2,N/A,N/A,N/A,N/A,N/A,N/A,N/A,N/A,N/A
32617,,2.4,Bachelors,,M,N/A,1,N/A,0,N/A,N/A,N/A,N/A,N/A,N/A,N/A,N/A,N/A
32618,,2.3,Phd,,M,0,0,1,2,N/A,N/A,N/A,N/A,N/A,N/A,N/A,N/A,N/A
32619,,3.5,Phd,,N/A,1,0,1,1,N/A,N/A,N/A,N/A,N/A,N/A,N/A,N/A,N/A
32620,,3.7,Masters,,M,1,1,N/A,2,N/A,N/A,N/A,N/A,N/A,N/A,N/A,N/A,N/A
32621,,2.0,Masters,,F,N/A,1,1,2,N/A,N/A,N/A,N/A,N/A,N/A,N/A,N/A,N/A
32622,,3.1,Masters,,M,0,1,0,1,N/A,N/A,N/A,N/A,N/A,N/A,N/A,N/A,N/A
32623,,3.5,Bachelors,,F,0,0,N/A,3,N/A,N/A,N/A,N/A,N/A,N/A,N/A,N/A,N/A
32624,,3.3,Phd,,M,N/A,0,0,4,N/A,N/A,N/A,N/A,N/A,N/A,N/A,N/A,N/A
32625,,3.6,Masters,,N/A,1,0,1,0,N/A,N/A,N/A,N/A,N/A,N/A,N/A,N/A,N/A
32626,,3.9,Bachelors,,F,N/A,0,1,1,N/A,N/A,N/A,N/A,N/A,N/A,N/A,N/A,N/A
32627,,2.9,Bachelors,,N/A,1,1,1,3,N/A,N/A,N/A,N/A,N/A,N/A,N/A,N/A,N/A
32628,,2.1,Phd,,M,0,1,1,0,N/A,N/A,N/A,N/A,N/A,N/A,N/A,N/A,N/A
32629,,3.6,Bachelors,,F,0,1,1,2,N/A,N/A,N/A,N/A,N/A,N/A,N/A,N/A,N/A
32630,,2.0,Bachelors,,N/A,1,0,0,4,N/A,N/A,N/A,N/A,N/A,N/A,N/A,N/A,N/A
32631,,2.6,Masters,,N/A,0,0,1,4,N/A,N/A,N/A,N/A,N/A,N/A,N/A,N/A,N/A
32632,,3.6,Masters,,M,N/A,0,0,1,N/A,N/A,N/A,N/A,N/A,N/A,N/A,N/A,N/A
32633,,2.5,Masters,,M,N/A,1,1,1,N/A,N/A,N/A,N/A,N/A,N/A,N/A,N/A,N/A
32634,,2.1,Phd,,F,1,0,N/A,4,N/A,N/A,N/A,N/A,N/A,N/A,N/A,N/A,N/A
32635,,2.1,Phd,,N/A,N/A,0,1,3,N/A,N/A,N/A,N/A,N/A,N/A,N/A,N/A,N/A
32636,,3.5,Bachelors,,N/A,N/A,1,1,1,N/A,N/A,N/A,N/A,N/A,N/A,N/A,N/A,N/A
32637,,2.7,Phd,,M,N/A,0,1,0,N/A,N/A,N/A,N/A,N/A,N/A,N/A,N/A,N/A
32638,,2.3,Bachelors,,N/A,0,0,0,4,N/A,N/A,N/A,N/A,N/A,N/A,N/A,N/A,N/A
32639,,2.2,Phd,,F,N/A,1,0,3,N/A,N/A,N/A,N/A,N/A,N/A,N/A,N/A,N/A
32640,,4.0,Bachelors,,M,0,0,0,3,N/A,N/A,N/A,N/A,N/A,N/A,N/A,N/A,N/A
32641,,3.6,Bachelors,,M,0,0,N/A,4,N/A,N/A,N/A,N/A,N/A,N/A,N/A,N/A,N/A
32642,,2.5,Bachelors,,F,0,1,1,0,N/A,N/A,N/A,N/A,N/A,N/A,N/A,N/A,N/A
32643,,2.5,Bachelors,,F,N/A,0,N/A,1,N/A,N/A,N/A,N/A,N/A,N/A,N/A,N/A,N/A
32644,,2.6,Phd,,F,1,1,N/A,2,N/A,N/A,N/A,N/A,N/A,N/A,N/A,N/A,N/A
32645,,3.1,Bachelors,,N/A,0,0,0,2,N/A,N/A,N/A,N/A,N/A,N/A,N/A,N/A,N/A
32646,,3.0,Masters,,M,0,0,1,2,N/A,N/A,N/A,N/A,N/A,N/A,N/A,N/A,N/A
32647,,2.5,Phd,,N/A,N/A,0,N/A,0,N/A,N/A,N/A,N/A,N/A,N/A,N/A,N/A,N/A
32648,,2.3,Masters,,F,0,0,N/A,1,N/A,N/A,N/A,N/A,N/A,N/A,N/A,N/A,N/A
32649,,2.1,Bachelors,,M,1,1,1,1,N/A,N/A,N/A,N/A,N/A,N/A,N/A,N/A,N/A
32650,,2.8,Masters,,F,0,0,N/A,1,N/A,N/A,N/A,N/A,N/A,N/A,N/A,N/A,N/A
32651,,3.0,Bachelors,,F,1,0,N/A,1,N/A,N/A,N/A,N/A,N/A,N/A,N/A,N/A,N/A
32652,,2.3,Masters,,F,0,1,1,3,N/A,N/A,N/A,N/A,N/A,N/A,N/A,N/A,N/A
32653,,3.9,Masters,,M,N/A,0,1,3,N/A,N/A,N/A,N/A,N/A,N/A,N/A,N/A,N/A
32654,,4.0,Masters,,F,1,1,0,3,N/A,N/A,N/A,N/A,N/A,N/A,N/A,N/A,N/A
32655,,3.0,Bachelors,,M,N/A,0,0,2,N/A,N/A,N/A,N/A,N/A,N/A,N/A,N/A,N/A
32656,,3.6,Bachelors,,M,0,0,N/A,0,N/A,N/A,N/A,N/A,N/A,N/A,N/A,N/A,N/A
32657,,2.2,Phd,,F,0,0,N/A,1,N/A,N/A,N/A,N/A,N/A,N/A,N/A,N/A,N/A
32658,,4.0,Bachelors,,N/A,N/A,0,1,1,N/A,N/A,N/A,N/A,N/A,N/A,N/A,N/A,N/A
32659,,3.5,Phd,,F,N/A,1,0,0,N/A,N/A,N/A,N/A,N/A,N/A,N/A,N/A,N/A
32660,,2.3,Phd,,F,N/A,0,1,1,N/A,N/A,N/A,N/A,N/A,N/A,N/A,N/A,N/A
32661,,2.7,Masters,,N/A,0,1,N/A,3,N/A,N/A,N/A,N/A,N/A,N/A,N/A,N/A,N/A
32662,,3.2,Phd,,N/A,1,0,0,3,N/A,N/A,N/A,N/A,N/A,N/A,N/A,N/A,N/A
32663,,2.8,Bachelors,,M,N/A,0,0,2,N/A,N/A,N/A,N/A,N/A,N/A,N/A,N/A,N/A
32664,,2.5,Masters,,N/A,0,1,1,4,N/A,N/A,N/A,N/A,N/A,N/A,N/A,N/A,N/A
32665,,2.9,Bachelors,,M,N/A,1,N/A,1,N/A,N/A,N/A,N/A,N/A,N/A,N/A,N/A,N/A
32666,,2.6,Masters,,N/A,1,0,1,2,N/A,N/A,N/A,N/A,N/A,N/A,N/A,N/A,N/A
32667,,3.9,Bachelors,,M,0,0,1,3,N/A,N/A,N/A,N/A,N/A,N/A,N/A,N/A,N/A
32668,,3.8,Phd,,M,1,0,1,4,N/A,N/A,N/A,N/A,N/A,N/A,N/A,N/A,N/A
32669,,2.7,Bachelors,,M,N/A,1,N/A,3,N/A,N/A,N/A,N/A,N/A,N/A,N/A,N/A,N/A
32670,,2.1,Phd,,N/A,N/A,1,1,1,N/A,N/A,N/A,N/A,N/A,N/A,N/A,N/A,N/A
32671,,3.4,Masters,,F,0,1,N/A,1,N/A,N/A,N/A,N/A,N/A,N/A,N/A,N/A,N/A
32672,,4.0,Bachelors,,F,0,0,N/A,0,N/A,N/A,N/A,N/A,N/A,N/A,N/A,N/A,N/A
32673,,3.4,Masters,,F,0,1,1,1,N/A,N/A,N/A,N/A,N/A,N/A,N/A,N/A,N/A
32674,,3.5,Phd,,F,0,1,0,2,N/A,N/A,N/A,N/A,N/A,N/A,N/A,N/A,N/A
32675,,3.1,Phd,,N/A,N/A,0,1,2,N/A,N/A,N/A,N/A,N/A,N/A,N/A,N/A,N/A
32676,,2.6,Bachelors,,N/A,1,0,N/A,0,N/A,N/A,N/A,N/A,N/A,N/A,N/A,N/A,N/A
32677,,2.4,Masters,,M,N/A,0,N/A,1,N/A,N/A,N/A,N/A,N/A,N/A,N/A,N/A,N/A
32678,,2.7,Masters,,M,0,1,1,1,N/A,N/A,N/A,N/A,N/A,N/A,N/A,N/A,N/A
32679,,4.0,Masters,,M,N/A,0,1,2,N/A,N/A,N/A,N/A,N/A,N/A,N/A,N/A,N/A
32680,,2.2,Masters,,F,1,1,0,0,N/A,N/A,N/A,N/A,N/A,N/A,N/A,N/A,N/A
32681,,3.4,Bachelors,,F,1,0,0,2,N/A,N/A,N/A,N/A,N/A,N/A,N/A,N/A,N/A
32682,,2.3,Masters,,M,N/A,0,N/A,4,N/A,N/A,N/A,N/A,N/A,N/A,N/A,N/A,N/A
32683,,3.5,Bachelors,,N/A,1,1,N/A,1,N/A,N/A,N/A,N/A,N/A,N/A,N/A,N/A,N/A
32684,,4.0,Bachelors,,N/A,1,0,1,3,N/A,N/A,N/A,N/A,N/A,N/A,N/A,N/A,N/A
32685,,2.7,Masters,,M,N/A,0,0,1,N/A,N/A,N/A,N/A,N/A,N/A,N/A,N/A,N/A
32686,,3.8,Bachelors,,F,0,1,0,0,N/A,N/A,N/A,N/A,N/A,N/A,N/A,N/A,N/A
32687,,2.3,Phd,,M,N/A,1,1,3,N/A,N/A,N/A,N/A,N/A,N/A,N/A,N/A,N/A
32688,,3.6,Masters,,M,N/A,1,N/A,3,N/A,N/A,N/A,N/A,N/A,N/A,N/A,N/A,N/A
32689,,2.6,Phd,,M,1,0,1,3,N/A,N/A,N/A,N/A,N/A,N/A,N/A,N/A,N/A
32690,,2.1,Bachelors,,F,1,1,N/A,4,N/A,N/A,N/A,N/A,N/A,N/A,N/A,N/A,N/A
32691,,2.7,Phd,,M,0,1,0,0,N/A,N/A,N/A,N/A,N/A,N/A,N/A,N/A,N/A
32692,,3.7,Masters,,M,1,0,0,4,N/A,N/A,N/A,N/A,N/A,N/A,N/A,N/A,N/A
32693,,3.0,Masters,,M,1,0,0,3,N/A,N/A,N/A,N/A,N/A,N/A,N/A,N/A,N/A
32694,,2.7,Phd,,M,0,1,N/A,2,N/A,N/A,N/A,N/A,N/A,N/A,N/A,N/A,N/A
32695,,3.3,Masters,,N/A,0,0,0,4,N/A,N/A,N/A,N/A,N/A,N/A,N/A,N/A,N/A
32696,,2.7,Phd,,F,0,1,0,4,N/A,N/A,N/A,N/A,N/A,N/A,N/A,N/A,N/A
32697,,2.6,Masters,,N/A,1,0,1,0,N/A,N/A,N/A,N/A,N/A,N/A,N/A,N/A,N/A
32698,,3.3,Masters,,N/A,N/A,1,1,4,N/A,N/A,N/A,N/A,N/A,N/A,N/A,N/A,N/A
32699,,3.2,Masters,,F,1,1,0,1,N/A,N/A,N/A,N/A,N/A,N/A,N/A,N/A,N/A
32700,,3.4,Phd,,N/A,0,0,0,3,N/A,N/A,N/A,N/A,N/A,N/A,N/A,N/A,N/A
32701,,2.9,Bachelors,,N/A,N/A,1,0,0,N/A,N/A,N/A,N/A,N/A,N/A,N/A,N/A,N/A
32702,,3.3,Masters,,M,0,0,N/A,3,N/A,N/A,N/A,N/A,N/A,N/A,N/A,N/A,N/A
32703,,2.9,Bachelors,,N/A,0,0,1,2,N/A,N/A,N/A,N/A,N/A,N/A,N/A,N/A,N/A
32704,,2.0,Masters,,M,1,0,1,0,N/A,N/A,N/A,N/A,N/A,N/A,N/A,N/A,N/A
32705,,2.6,Phd,,M,1,1,1,2,N/A,N/A,N/A,N/A,N/A,N/A,N/A,N/A,N/A
32706,,2.8,Bachelors,,M,1,0,0,0,N/A,N/A,N/A,N/A,N/A,N/A,N/A,N/A,N/A
32707,,2.5,Bachelors,,F,N/A,0,0,4,N/A,N/A,N/A,N/A,N/A,N/A,N/A,N/A,N/A
32708,,3.0,Bachelors,,N/A,N/A,1,1,3,N/A,N/A,N/A,N/A,N/A,N/A,N/A,N/A,N/A
32709,,3.4,Phd,,F,N/A,0,N/A,4,N/A,N/A,N/A,N/A,N/A,N/A,N/A,N/A,N/A
32710,,2.4,Bachelors,,M,N/A,0,0,3,N/A,N/A,N/A,N/A,N/A,N/A,N/A,N/A,N/A
32711,,3.1,Phd,,M,0,0,1,4,N/A,N/A,N/A,N/A,N/A,N/A,N/A,N/A,N/A
32712,,3.5,Masters,,M,N/A,0,N/A,0,N/A,N/A,N/A,N/A,N/A,N/A,N/A,N/A,N/A
32713,,2.5,Masters,,M,1,0,0,1,N/A,N/A,N/A,N/A,N/A,N/A,N/A,N/A,N/A
32714,,3.2,Phd,,M,N/A,1,1,4,N/A,N/A,N/A,N/A,N/A,N/A,N/A,N/A,N/A
32715,,3.0,Masters,,F,0,1,0,1,N/A,N/A,N/A,N/A,N/A,N/A,N/A,N/A,N/A
32716,,2.6,Bachelors,,N/A,N/A,1,N/A,2,N/A,N/A,N/A,N/A,N/A,N/A,N/A,N/A,N/A
32717,,2.7,Phd,,M,1,0,0,0,N/A,N/A,N/A,N/A,N/A,N/A,N/A,N/A,N/A
32718,,2.1,Masters,,F,1,1,0,1,N/A,N/A,N/A,N/A,N/A,N/A,N/A,N/A,N/A
32719,,3.8,Masters,,N/A,N/A,0,N/A,0,N/A,N/A,N/A,N/A,N/A,N/A,N/A,N/A,N/A
32720,,3.1,Bachelors,,N/A,N/A,1,N/A,1,N/A,N/A,N/A,N/A,N/A,N/A,N/A,N/A,N/A
32721,,3.2,Phd,,M,0,0,0,4,N/A,N/A,N/A,N/A,N/A,N/A,N/A,N/A,N/A
32722,,2.1,Bachelors,,N/A,N/A,0,N/A,0,N/A,N/A,N/A,N/A,N/A,N/A,N/A,N/A,N/A
32723,,3.4,Phd,,N/A,0,1,0,0,N/A,N/A,N/A,N/A,N/A,N/A,N/A,N/A,N/A
32724,,2.4,Phd,,F,N/A,0,N/A,0,N/A,N/A,N/A,N/A,N/A,N/A,N/A,N/A,N/A
32725,,3.7,Phd,,N/A,0,0,0,4,N/A,N/A,N/A,N/A,N/A,N/A,N/A,N/A,N/A
32726,,3.9,Masters,,M,N/A,1,1,3,N/A,N/A,N/A,N/A,N/A,N/A,N/A,N/A,N/A
32727,,2.0,Masters,,M,N/A,1,N/A,3,N/A,N/A,N/A,N/A,N/A,N/A,N/A,N/A,N/A
32728,,2.7,Masters,,N/A,1,0,1,1,N/A,N/A,N/A,N/A,N/A,N/A,N/A,N/A,N/A
32729,,3.7,Masters,,F,0,1,0,4,N/A,N/A,N/A,N/A,N/A,N/A,N/A,N/A,N/A
32730,,2.2,Bachelors,,F,0,0,N/A,2,N/A,N/A,N/A,N/A,N/A,N/A,N/A,N/A,N/A
32731,,2.8,Phd,,N/A,0,1,N/A,3,N/A,N/A,N/A,N/A,N/A,N/A,N/A,N/A,N/A
32732,,2.8,Bachelors,,M,1,1,N/A,2,N/A,N/A,N/A,N/A,N/A,N/A,N/A,N/A,N/A
32733,,3.7,Phd,,N/A,1,0,0,2,N/A,N/A,N/A,N/A,N/A,N/A,N/A,N/A,N/A
32734,,3.9,Masters,,F,1,1,1,1,N/A,N/A,N/A,N/A,N/A,N/A,N/A,N/A,N/A
32735,,3.9,Masters,,M,0,0,0,1,N/A,N/A,N/A,N/A,N/A,N/A,N/A,N/A,N/A
32736,,2.1,Masters,,F,1,1,0,0,N/A,N/A,N/A,N/A,N/A,N/A,N/A,N/A,N/A
32737,,2.5,Phd,,M,0,0,0,3,N/A,N/A,N/A,N/A,N/A,N/A,N/A,N/A,N/A
32738,,3.2,Phd,,M,N/A,0,N/A,1,N/A,N/A,N/A,N/A,N/A,N/A,N/A,N/A,N/A
32739,,2.0,Phd,,M,N/A,0,1,2,N/A,N/A,N/A,N/A,N/A,N/A,N/A,N/A,N/A
32740,,2.8,Masters,,F,1,1,0,4,N/A,N/A,N/A,N/A,N/A,N/A,N/A,N/A,N/A
32741,,2.8,Masters,,F,N/A,1,0,1,N/A,N/A,N/A,N/A,N/A,N/A,N/A,N/A,N/A
32742,,2.7,Bachelors,,F,1,0,N/A,2,N/A,N/A,N/A,N/A,N/A,N/A,N/A,N/A,N/A
32743,,4.0,Masters,,N/A,0,1,0,0,N/A,N/A,N/A,N/A,N/A,N/A,N/A,N/A,N/A
32744,,2.8,Phd,,N/A,N/A,1,0,4,N/A,N/A,N/A,N/A,N/A,N/A,N/A,N/A,N/A
32745,,2.0,Masters,,M,0,1,0,3,N/A,N/A,N/A,N/A,N/A,N/A,N/A,N/A,N/A
32746,,3.6,Masters,,F,1,1,0,0,N/A,N/A,N/A,N/A,N/A,N/A,N/A,N/A,N/A
32747,,4.0,Phd,,M,0,1,0,0,N/A,N/A,N/A,N/A,N/A,N/A,N/A,N/A,N/A
32748,,2.7,Bachelors,,M,0,0,0,1,N/A,N/A,N/A,N/A,N/A,N/A,N/A,N/A,N/A
32749,,3.0,Bachelors,,M,N/A,0,0,0,N/A,N/A,N/A,N/A,N/A,N/A,N/A,N/A,N/A
32750,,3.2,Bachelors,,N/A,N/A,0,N/A,0,N/A,N/A,N/A,N/A,N/A,N/A,N/A,N/A,N/A
32751,,3.1,Bachelors,,M,N/A,1,0,3,N/A,N/A,N/A,N/A,N/A,N/A,N/A,N/A,N/A
32752,,2.9,Phd,,F,N/A,1,1,1,N/A,N/A,N/A,N/A,N/A,N/A,N/A,N/A,N/A
32753,,3.8,Phd,,N/A,0,0,N/A,3,N/A,N/A,N/A,N/A,N/A,N/A,N/A,N/A,N/A
32754,,2.6,Bachelors,,M,N/A,0,1,4,N/A,N/A,N/A,N/A,N/A,N/A,N/A,N/A,N/A
32755,,2.0,Phd,,N/A,0,1,1,0,N/A,N/A,N/A,N/A,N/A,N/A,N/A,N/A,N/A
32756,,3.9,Masters,,F,0,1,N/A,4,N/A,N/A,N/A,N/A,N/A,N/A,N/A,N/A,N/A
32757,,3.9,Bachelors,,M,1,0,N/A,3,N/A,N/A,N/A,N/A,N/A,N/A,N/A,N/A,N/A
32758,,3.8,Masters,,M,1,0,1,0,N/A,N/A,N/A,N/A,N/A,N/A,N/A,N/A,N/A
32759,,3.9,Phd,,N/A,0,0,N/A,4,N/A,N/A,N/A,N/A,N/A,N/A,N/A,N/A,N/A
32760,,3.4,Bachelors,,F,1,0,N/A,1,N/A,N/A,N/A,N/A,N/A,N/A,N/A,N/A,N/A
32761,,2.1,Phd,,F,1,0,1,3,N/A,N/A,N/A,N/A,N/A,N/A,N/A,N/A,N/A
32762,,3.8,Phd,,M,0,1,1,0,N/A,N/A,N/A,N/A,N/A,N/A,N/A,N/A,N/A
32763,,2.9,Masters,,N/A,1,0,0,4,N/A,N/A,N/A,N/A,N/A,N/A,N/A,N/A,N/A
32764,,3.9,Bachelors,,F,N/A,0,0,3,N/A,N/A,N/A,N/A,N/A,N/A,N/A,N/A,N/A
32765,,2.9,Masters,,F,0,1,0,0,N/A,N/A,N/A,N/A,N/A,N/A,N/A,N/A,N/A
32766,,3.9,Phd,,F,1,0,N/A,3,N/A,N/A,N/A,N/A,N/A,N/A,N/A,N/A,N/A
32767,,2.2,Masters,,N/A,0,0,0,3,N/A,N/A,N/A,N/A,N/A,N/A,N/A,N/A,N/A
32768,,2.0,Masters,,M,1,1,1,4,N/A,N/A,N/A,N/A,N/A,N/A,N/A,N/A,N/A
32769,,3.1,Bachelors,,F,0,0,0,2,N/A,N/A,N/A,N/A,N/A,N/A,N/A,N/A,N/A
32770,,2.4,Masters,,M,1,0,N/A,2,N/A,N/A,N/A,N/A,N/A,N/A,N/A,N/A,N/A
32771,,2.4,Phd,,N/A,N/A,0,N/A,3,N/A,N/A,N/A,N/A,N/A,N/A,N/A,N/A,N/A
32772,,3.6,Phd,,F,0,0,0,0,N/A,N/A,N/A,N/A,N/A,N/A,N/A,N/A,N/A
32773,,3.7,Phd,,M,1,0,0,3,N/A,N/A,N/A,N/A,N/A,N/A,N/A,N/A,N/A
32774,,2.2,Phd,,N/A,0,0,1,2,N/A,N/A,N/A,N/A,N/A,N/A,N/A,N/A,N/A
32775,,3.0,Masters,,M,1,0,1,3,N/A,N/A,N/A,N/A,N/A,N/A,N/A,N/A,N/A
32776,,3.2,Phd,,N/A,1,0,N/A,2,N/A,N/A,N/A,N/A,N/A,N/A,N/A,N/A,N/A
32777,,2.8,Bachelors,,M,1,1,0,0,N/A,N/A,N/A,N/A,N/A,N/A,N/A,N/A,N/A
32778,,3.7,Phd,,N/A,N/A,0,0,2,N/A,N/A,N/A,N/A,N/A,N/A,N/A,N/A,N/A
32779,,2.1,Phd,,M,0,1,0,0,N/A,N/A,N/A,N/A,N/A,N/A,N/A,N/A,N/A
32780,,3.7,Bachelors,,M,0,1,0,2,N/A,N/A,N/A,N/A,N/A,N/A,N/A,N/A,N/A
32781,,2.2,Masters,,N/A,N/A,1,1,3,N/A,N/A,N/A,N/A,N/A,N/A,N/A,N/A,N/A
32782,,2.6,Masters,,M,N/A,0,0,2,N/A,N/A,N/A,N/A,N/A,N/A,N/A,N/A,N/A
32783,,3.7,Masters,,M,0,1,1,4,N/A,N/A,N/A,N/A,N/A,N/A,N/A,N/A,N/A
32784,,3.3,Phd,,N/A,0,1,N/A,1,N/A,N/A,N/A,N/A,N/A,N/A,N/A,N/A,N/A
32785,,2.2,Phd,,N/A,1,0,0,0,N/A,N/A,N/A,N/A,N/A,N/A,N/A,N/A,N/A
32786,,2.0,Masters,,M,N/A,1,0,3,N/A,N/A,N/A,N/A,N/A,N/A,N/A,N/A,N/A
32787,,3.5,Phd,,F,0,1,1,1,N/A,N/A,N/A,N/A,N/A,N/A,N/A,N/A,N/A
32788,,2.2,Phd,,F,0,0,0,3,N/A,N/A,N/A,N/A,N/A,N/A,N/A,N/A,N/A
32789,,3.2,Masters,,F,N/A,1,0,3,N/A,N/A,N/A,N/A,N/A,N/A,N/A,N/A,N/A
32790,,2.4,Bachelors,,F,0,0,1,3,N/A,N/A,N/A,N/A,N/A,N/A,N/A,N/A,N/A
32791,,3.8,Phd,,M,N/A,0,N/A,0,N/A,N/A,N/A,N/A,N/A,N/A,N/A,N/A,N/A
32792,,4.0,Bachelors,,M,0,0,0,2,N/A,N/A,N/A,N/A,N/A,N/A,N/A,N/A,N/A
32793,,3.4,Masters,,N/A,1,0,1,2,N/A,N/A,N/A,N/A,N/A,N/A,N/A,N/A,N/A
32794,,3.8,Masters,,M,1,1,0,1,N/A,N/A,N/A,N/A,N/A,N/A,N/A,N/A,N/A
32795,,3.2,Phd,,M,1,1,N/A,2,N/A,N/A,N/A,N/A,N/A,N/A,N/A,N/A,N/A
32796,,2.4,Phd,,N/A,0,1,1,3,N/A,N/A,N/A,N/A,N/A,N/A,N/A,N/A,N/A
32797,,3.1,Masters,,N/A,0,0,1,0,N/A,N/A,N/A,N/A,N/A,N/A,N/A,N/A,N/A
32798,,2.9,Phd,,F,1,1,N/A,0,N/A,N/A,N/A,N/A,N/A,N/A,N/A,N/A,N/A
32799,,3.1,Bachelors,,N/A,0,1,N/A,4,N/A,N/A,N/A,N/A,N/A,N/A,N/A,N/A,N/A
32800,,3.9,Masters,,M,0,1,1,4,N/A,N/A,N/A,N/A,N/A,N/A,N/A,N/A,N/A
32801,,3.1,Masters,,F,N/A,0,0,0,N/A,N/A,N/A,N/A,N/A,N/A,N/A,N/A,N/A
32802,,3.9,Masters,,M,0,1,0,2,N/A,N/A,N/A,N/A,N/A,N/A,N/A,N/A,N/A
32803,,3.2,Masters,,F,1,0,N/A,2,N/A,N/A,N/A,N/A,N/A,N/A,N/A,N/A,N/A
32804,,3.2,Masters,,F,N/A,0,0,4,N/A,N/A,N/A,N/A,N/A,N/A,N/A,N/A,N/A
32805,,2.2,Masters,,M,N/A,1,N/A,0,N/A,N/A,N/A,N/A,N/A,N/A,N/A,N/A,N/A
32806,,3.7,Bachelors,,N/A,N/A,0,1,3,N/A,N/A,N/A,N/A,N/A,N/A,N/A,N/A,N/A
32807,,3.5,Bachelors,,F,0,0,0,0,N/A,N/A,N/A,N/A,N/A,N/A,N/A,N/A,N/A
32808,,3.0,Phd,,N/A,N/A,1,0,3,N/A,N/A,N/A,N/A,N/A,N/A,N/A,N/A,N/A
32809,,3.2,Bachelors,,M,N/A,1,N/A,0,N/A,N/A,N/A,N/A,N/A,N/A,N/A,N/A,N/A
32810,,3.1,Phd,,M,1,0,0,1,N/A,N/A,N/A,N/A,N/A,N/A,N/A,N/A,N/A
32811,,2.7,Phd,,M,0,1,0,0,N/A,N/A,N/A,N/A,N/A,N/A,N/A,N/A,N/A
32812,,2.2,Masters,,N/A,1,0,N/A,3,N/A,N/A,N/A,N/A,N/A,N/A,N/A,N/A,N/A
32813,,3.8,Masters,,F,0,0,0,4,N/A,N/A,N/A,N/A,N/A,N/A,N/A,N/A,N/A
32814,,2.6,Bachelors,,M,0,0,1,4,N/A,N/A,N/A,N/A,N/A,N/A,N/A,N/A,N/A
32815,,2.7,Phd,,N/A,N/A,0,1,3,N/A,N/A,N/A,N/A,N/A,N/A,N/A,N/A,N/A
32816,,2.6,Phd,,M,1,0,1,3,N/A,N/A,N/A,N/A,N/A,N/A,N/A,N/A,N/A
32817,,3.9,Masters,,N/A,N/A,1,1,2,N/A,N/A,N/A,N/A,N/A,N/A,N/A,N/A,N/A
32818,,3.2,Masters,,F,N/A,1,1,1,N/A,N/A,N/A,N/A,N/A,N/A,N/A,N/A,N/A
32819,,3.3,Masters,,F,1,0,N/A,3,N/A,N/A,N/A,N/A,N/A,N/A,N/A,N/A,N/A
32820,,3.1,Bachelors,,F,0,0,1,3,N/A,N/A,N/A,N/A,N/A,N/A,N/A,N/A,N/A
32821,,2.4,Phd,,N/A,1,1,0,1,N/A,N/A,N/A,N/A,N/A,N/A,N/A,N/A,N/A
32822,,3.5,Bachelors,,M,1,0,1,4,N/A,N/A,N/A,N/A,N/A,N/A,N/A,N/A,N/A
32823,,2.3,Phd,,M,N/A,1,1,0,N/A,N/A,N/A,N/A,N/A,N/A,N/A,N/A,N/A
32824,,3.3,Bachelors,,F,N/A,1,0,0,N/A,N/A,N/A,N/A,N/A,N/A,N/A,N/A,N/A
32825,,3.4,Bachelors,,M,N/A,0,1,1,N/A,N/A,N/A,N/A,N/A,N/A,N/A,N/A,N/A
32826,,2.7,Phd,,F,N/A,0,0,0,N/A,N/A,N/A,N/A,N/A,N/A,N/A,N/A,N/A
32827,,2.6,Bachelors,,F,0,0,1,4,N/A,N/A,N/A,N/A,N/A,N/A,N/A,N/A,N/A
32828,,2.1,Bachelors,,N/A,1,0,N/A,3,N/A,N/A,N/A,N/A,N/A,N/A,N/A,N/A,N/A
32829,,3.2,Masters,,M,0,0,1,0,N/A,N/A,N/A,N/A,N/A,N/A,N/A,N/A,N/A
32830,,3.2,Masters,,F,0,1,1,3,N/A,N/A,N/A,N/A,N/A,N/A,N/A,N/A,N/A
32831,,3.5,Phd,,F,0,1,0,0,N/A,N/A,N/A,N/A,N/A,N/A,N/A,N/A,N/A
32832,,3.6,Phd,,M,N/A,1,1,1,N/A,N/A,N/A,N/A,N/A,N/A,N/A,N/A,N/A
32833,,2.5,Masters,,N/A,1,0,1,3,N/A,N/A,N/A,N/A,N/A,N/A,N/A,N/A,N/A
32834,,2.7,Bachelors,,M,0,1,N/A,4,N/A,N/A,N/A,N/A,N/A,N/A,N/A,N/A,N/A
32835,,2.3,Bachelors,,N/A,0,0,1,1,N/A,N/A,N/A,N/A,N/A,N/A,N/A,N/A,N/A
32836,,2.8,Bachelors,,N/A,N/A,1,0,3,N/A,N/A,N/A,N/A,N/A,N/A,N/A,N/A,N/A
32837,,3.9,Phd,,M,0,1,1,4,N/A,N/A,N/A,N/A,N/A,N/A,N/A,N/A,N/A
32838,,2.1,Bachelors,,M,0,1,N/A,1,N/A,N/A,N/A,N/A,N/A,N/A,N/A,N/A,N/A
32839,,3.9,Masters,,F,1,1,0,3,N/A,N/A,N/A,N/A,N/A,N/A,N/A,N/A,N/A
32840,,4.0,Masters,,N/A,1,0,0,1,N/A,N/A,N/A,N/A,N/A,N/A,N/A,N/A,N/A
32841,,2.8,Phd,,M,1,1,0,4,N/A,N/A,N/A,N/A,N/A,N/A,N/A,N/A,N/A
32842,,3.1,Masters,,M,0,0,0,1,N/A,N/A,N/A,N/A,N/A,N/A,N/A,N/A,N/A
32843,,2.8,Masters,,F,N/A,0,1,4,N/A,N/A,N/A,N/A,N/A,N/A,N/A,N/A,N/A
32844,,2.1,Bachelors,,N/A,0,1,1,4,N/A,N/A,N/A,N/A,N/A,N/A,N/A,N/A,N/A
32845,,3.7,Bachelors,,N/A,1,1,1,1,N/A,N/A,N/A,N/A,N/A,N/A,N/A,N/A,N/A
32846,,2.4,Bachelors,,N/A,N/A,0,N/A,3,N/A,N/A,N/A,N/A,N/A,N/A,N/A,N/A,N/A
32847,,3.7,Bachelors,,F,0,1,0,3,N/A,N/A,N/A,N/A,N/A,N/A,N/A,N/A,N/A
32848,,2.6,Bachelors,,F,N/A,0,0,3,N/A,N/A,N/A,N/A,N/A,N/A,N/A,N/A,N/A
32849,,2.8,Bachelors,,M,1,0,N/A,0,N/A,N/A,N/A,N/A,N/A,N/A,N/A,N/A,N/A
32850,,3.2,Masters,,M,0,0,1,3,N/A,N/A,N/A,N/A,N/A,N/A,N/A,N/A,N/A
32851,,3.7,Masters,,N/A,0,0,N/A,3,N/A,N/A,N/A,N/A,N/A,N/A,N/A,N/A,N/A
32852,,2.6,Bachelors,,M,1,1,0,4,N/A,N/A,N/A,N/A,N/A,N/A,N/A,N/A,N/A
32853,,3.7,Bachelors,,N/A,1,1,1,4,N/A,N/A,N/A,N/A,N/A,N/A,N/A,N/A,N/A
32854,,3.1,Bachelors,,M,1,1,1,0,N/A,N/A,N/A,N/A,N/A,N/A,N/A,N/A,N/A
32855,,3.0,Masters,,F,N/A,0,1,3,N/A,N/A,N/A,N/A,N/A,N/A,N/A,N/A,N/A
32856,,3.7,Phd,,M,1,1,N/A,4,N/A,N/A,N/A,N/A,N/A,N/A,N/A,N/A,N/A
32857,,3.7,Masters,,F,1,0,N/A,1,N/A,N/A,N/A,N/A,N/A,N/A,N/A,N/A,N/A
32858,,2.4,Phd,,F,0,1,N/A,0,N/A,N/A,N/A,N/A,N/A,N/A,N/A,N/A,N/A
32859,,3.0,Phd,,N/A,1,0,1,2,N/A,N/A,N/A,N/A,N/A,N/A,N/A,N/A,N/A
32860,,3.5,Bachelors,,M,0,1,1,4,N/A,N/A,N/A,N/A,N/A,N/A,N/A,N/A,N/A
32861,,2.2,Masters,,N/A,N/A,0,1,1,N/A,N/A,N/A,N/A,N/A,N/A,N/A,N/A,N/A
32862,,3.9,Masters,,F,0,0,N/A,4,N/A,N/A,N/A,N/A,N/A,N/A,N/A,N/A,N/A
32863,,2.2,Phd,,M,N/A,0,N/A,0,N/A,N/A,N/A,N/A,N/A,N/A,N/A,N/A,N/A
32864,,2.6,Phd,,F,N/A,1,0,0,N/A,N/A,N/A,N/A,N/A,N/A,N/A,N/A,N/A
32865,,3.8,Bachelors,,F,N/A,1,0,2,N/A,N/A,N/A,N/A,N/A,N/A,N/A,N/A,N/A
32866,,3.2,Bachelors,,N/A,1,1,0,3,N/A,N/A,N/A,N/A,N/A,N/A,N/A,N/A,N/A
32867,,2.4,Masters,,M,N/A,0,1,4,N/A,N/A,N/A,N/A,N/A,N/A,N/A,N/A,N/A
32868,,2.0,Masters,,M,N/A,1,1,1,N/A,N/A,N/A,N/A,N/A,N/A,N/A,N/A,N/A
32869,,2.7,Bachelors,,M,1,1,1,2,N/A,N/A,N/A,N/A,N/A,N/A,N/A,N/A,N/A
32870,,2.7,Masters,,M,1,0,1,4,N/A,N/A,N/A,N/A,N/A,N/A,N/A,N/A,N/A
32871,,3.1,Phd,,M,N/A,0,0,2,N/A,N/A,N/A,N/A,N/A,N/A,N/A,N/A,N/A
32872,,3.2,Masters,,F,N/A,1,1,1,N/A,N/A,N/A,N/A,N/A,N/A,N/A,N/A,N/A
32873,,3.2,Phd,,F,N/A,1,0,1,N/A,N/A,N/A,N/A,N/A,N/A,N/A,N/A,N/A
32874,,2.7,Phd,,F,0,0,0,2,N/A,N/A,N/A,N/A,N/A,N/A,N/A,N/A,N/A
32875,,2.7,Masters,,N/A,N/A,0,1,4,N/A,N/A,N/A,N/A,N/A,N/A,N/A,N/A,N/A
32876,,3.3,Bachelors,,N/A,0,1,0,0,N/A,N/A,N/A,N/A,N/A,N/A,N/A,N/A,N/A
32877,,3.6,Masters,,F,0,1,N/A,0,N/A,N/A,N/A,N/A,N/A,N/A,N/A,N/A,N/A
32878,,2.6,Phd,,F,0,1,N/A,0,N/A,N/A,N/A,N/A,N/A,N/A,N/A,N/A,N/A
32879,,3.2,Phd,,F,1,0,N/A,3,N/A,N/A,N/A,N/A,N/A,N/A,N/A,N/A,N/A
32880,,3.6,Bachelors,,M,1,0,1,2,N/A,N/A,N/A,N/A,N/A,N/A,N/A,N/A,N/A
32881,,4.0,Masters,,F,1,1,1,2,N/A,N/A,N/A,N/A,N/A,N/A,N/A,N/A,N/A
32882,,3.1,Phd,,F,N/A,1,0,3,N/A,N/A,N/A,N/A,N/A,N/A,N/A,N/A,N/A
32883,,3.9,Bachelors,,F,1,1,0,3,N/A,N/A,N/A,N/A,N/A,N/A,N/A,N/A,N/A
32884,,3.3,Masters,,F,1,1,1,2,N/A,N/A,N/A,N/A,N/A,N/A,N/A,N/A,N/A
32885,,3.5,Masters,,F,0,0,1,4,N/A,N/A,N/A,N/A,N/A,N/A,N/A,N/A,N/A
32886,,2.7,Bachelors,,N/A,0,0,1,1,N/A,N/A,N/A,N/A,N/A,N/A,N/A,N/A,N/A
32887,,2.5,Masters,,N/A,0,1,0,2,N/A,N/A,N/A,N/A,N/A,N/A,N/A,N/A,N/A
32888,,3.6,Phd,,M,1,0,N/A,3,N/A,N/A,N/A,N/A,N/A,N/A,N/A,N/A,N/A
32889,,3.8,Masters,,M,1,0,N/A,2,N/A,N/A,N/A,N/A,N/A,N/A,N/A,N/A,N/A
32890,,3.0,Masters,,N/A,0,0,0,1,N/A,N/A,N/A,N/A,N/A,N/A,N/A,N/A,N/A
32891,,3.8,Masters,,N/A,N/A,0,0,2,N/A,N/A,N/A,N/A,N/A,N/A,N/A,N/A,N/A
32892,,3.8,Bachelors,,M,1,1,1,3,N/A,N/A,N/A,N/A,N/A,N/A,N/A,N/A,N/A
32893,,2.0,Masters,,M,1,0,1,4,N/A,N/A,N/A,N/A,N/A,N/A,N/A,N/A,N/A
32894,,3.5,Masters,,F,N/A,0,N/A,4,N/A,N/A,N/A,N/A,N/A,N/A,N/A,N/A,N/A
32895,,3.1,Masters,,M,0,1,1,3,N/A,N/A,N/A,N/A,N/A,N/A,N/A,N/A,N/A
32896,,2.0,Bachelors,,N/A,N/A,1,1,1,N/A,N/A,N/A,N/A,N/A,N/A,N/A,N/A,N/A
32897,,3.6,Bachelors,,M,N/A,1,0,0,N/A,N/A,N/A,N/A,N/A,N/A,N/A,N/A,N/A
32898,,4.0,Phd,,N/A,0,0,N/A,2,N/A,N/A,N/A,N/A,N/A,N/A,N/A,N/A,N/A
32899,,3.8,Phd,,M,1,1,0,4,N/A,N/A,N/A,N/A,N/A,N/A,N/A,N/A,N/A
32900,,2.1,Bachelors,,F,N/A,0,1,1,N/A,N/A,N/A,N/A,N/A,N/A,N/A,N/A,N/A
32901,,3.6,Phd,,M,1,0,N/A,2,N/A,N/A,N/A,N/A,N/A,N/A,N/A,N/A,N/A
32902,,2.7,Phd,,M,0,1,N/A,4,N/A,N/A,N/A,N/A,N/A,N/A,N/A,N/A,N/A
32903,,3.5,Bachelors,,M,0,0,1,3,N/A,N/A,N/A,N/A,N/A,N/A,N/A,N/A,N/A
32904,,3.9,Phd,,M,0,0,1,0,N/A,N/A,N/A,N/A,N/A,N/A,N/A,N/A,N/A
32905,,3.5,Phd,,N/A,N/A,1,1,3,N/A,N/A,N/A,N/A,N/A,N/A,N/A,N/A,N/A
32906,,3.8,Bachelors,,M,0,0,0,3,N/A,N/A,N/A,N/A,N/A,N/A,N/A,N/A,N/A
32907,,2.2,Masters,,F,1,1,0,4,N/A,N/A,N/A,N/A,N/A,N/A,N/A,N/A,N/A
32908,,2.5,Masters,,N/A,1,1,1,0,N/A,N/A,N/A,N/A,N/A,N/A,N/A,N/A,N/A
32909,,3.6,Masters,,M,N/A,0,1,4,N/A,N/A,N/A,N/A,N/A,N/A,N/A,N/A,N/A
32910,,2.3,Bachelors,,F,1,1,N/A,1,N/A,N/A,N/A,N/A,N/A,N/A,N/A,N/A,N/A
32911,,3.8,Bachelors,,M,0,0,N/A,2,N/A,N/A,N/A,N/A,N/A,N/A,N/A,N/A,N/A
32912,,3.6,Masters,,M,0,1,N/A,0,N/A,N/A,N/A,N/A,N/A,N/A,N/A,N/A,N/A
32913,,2.4,Bachelors,,N/A,0,1,N/A,4,N/A,N/A,N/A,N/A,N/A,N/A,N/A,N/A,N/A
32914,,3.1,Masters,,M,1,1,1,0,N/A,N/A,N/A,N/A,N/A,N/A,N/A,N/A,N/A
32915,,2.4,Bachelors,,N/A,N/A,1,0,2,N/A,N/A,N/A,N/A,N/A,N/A,N/A,N/A,N/A
32916,,2.6,Bachelors,,M,N/A,1,1,2,N/A,N/A,N/A,N/A,N/A,N/A,N/A,N/A,N/A
32917,,2.7,Bachelors,,N/A,0,1,N/A,0,N/A,N/A,N/A,N/A,N/A,N/A,N/A,N/A,N/A
32918,,2.7,Masters,,M,0,0,1,3,N/A,N/A,N/A,N/A,N/A,N/A,N/A,N/A,N/A
32919,,4.0,Masters,,M,N/A,1,1,3,N/A,N/A,N/A,N/A,N/A,N/A,N/A,N/A,N/A
32920,,2.8,Phd,,N/A,0,1,N/A,3,N/A,N/A,N/A,N/A,N/A,N/A,N/A,N/A,N/A
32921,,3.4,Phd,,M,N/A,0,N/A,1,N/A,N/A,N/A,N/A,N/A,N/A,N/A,N/A,N/A
32922,,3.4,Masters,,F,N/A,0,1,0,N/A,N/A,N/A,N/A,N/A,N/A,N/A,N/A,N/A
32923,,2.9,Phd,,M,N/A,1,1,2,N/A,N/A,N/A,N/A,N/A,N/A,N/A,N/A,N/A
32924,,3.9,Masters,,F,1,1,1,3,N/A,N/A,N/A,N/A,N/A,N/A,N/A,N/A,N/A
32925,,3.1,Masters,,M,0,0,N/A,0,N/A,N/A,N/A,N/A,N/A,N/A,N/A,N/A,N/A
32926,,2.6,Phd,,N/A,1,0,0,0,N/A,N/A,N/A,N/A,N/A,N/A,N/A,N/A,N/A
32927,,2.7,Masters,,N/A,N/A,0,N/A,4,N/A,N/A,N/A,N/A,N/A,N/A,N/A,N/A,N/A
32928,,2.2,Masters,,M,1,0,N/A,4,N/A,N/A,N/A,N/A,N/A,N/A,N/A,N/A,N/A
32929,,2.4,Bachelors,,M,0,1,N/A,3,N/A,N/A,N/A,N/A,N/A,N/A,N/A,N/A,N/A
32930,,3.8,Bachelors,,M,1,0,0,2,N/A,N/A,N/A,N/A,N/A,N/A,N/A,N/A,N/A
32931,,3.1,Phd,,N/A,1,0,1,0,N/A,N/A,N/A,N/A,N/A,N/A,N/A,N/A,N/A
32932,,3.0,Bachelors,,M,0,0,0,0,N/A,N/A,N/A,N/A,N/A,N/A,N/A,N/A,N/A
32933,,2.2,Masters,,M,0,0,1,3,N/A,N/A,N/A,N/A,N/A,N/A,N/A,N/A,N/A
32934,,3.0,Phd,,M,N/A,0,N/A,3,N/A,N/A,N/A,N/A,N/A,N/A,N/A,N/A,N/A
32935,,2.2,Phd,,F,1,0,0,3,N/A,N/A,N/A,N/A,N/A,N/A,N/A,N/A,N/A
32936,,3.3,Masters,,F,1,1,N/A,4,N/A,N/A,N/A,N/A,N/A,N/A,N/A,N/A,N/A
32937,,3.6,Phd,,M,N/A,0,N/A,3,N/A,N/A,N/A,N/A,N/A,N/A,N/A,N/A,N/A
32938,,2.3,Masters,,M,0,0,N/A,4,N/A,N/A,N/A,N/A,N/A,N/A,N/A,N/A,N/A
32939,,2.6,Phd,,F,0,0,1,1,N/A,N/A,N/A,N/A,N/A,N/A,N/A,N/A,N/A
32940,,4.0,Masters,,M,0,0,1,3,N/A,N/A,N/A,N/A,N/A,N/A,N/A,N/A,N/A
32941,,2.0,Phd,,M,0,1,N/A,3,N/A,N/A,N/A,N/A,N/A,N/A,N/A,N/A,N/A
32942,,3.9,Bachelors,,F,N/A,1,1,4,N/A,N/A,N/A,N/A,N/A,N/A,N/A,N/A,N/A
32943,,4.0,Masters,,F,0,0,0,4,N/A,N/A,N/A,N/A,N/A,N/A,N/A,N/A,N/A
32944,,2.3,Masters,,M,0,0,1,2,N/A,N/A,N/A,N/A,N/A,N/A,N/A,N/A,N/A
32945,,2.5,Masters,,M,0,0,0,3,N/A,N/A,N/A,N/A,N/A,N/A,N/A,N/A,N/A
32946,,2.1,Phd,,M,1,0,0,1,N/A,N/A,N/A,N/A,N/A,N/A,N/A,N/A,N/A
32947,,2.7,Phd,,N/A,0,1,N/A,0,N/A,N/A,N/A,N/A,N/A,N/A,N/A,N/A,N/A
32948,,3.1,Masters,,N/A,N/A,0,N/A,3,N/A,N/A,N/A,N/A,N/A,N/A,N/A,N/A,N/A
32949,,3.5,Bachelors,,N/A,0,0,1,3,N/A,N/A,N/A,N/A,N/A,N/A,N/A,N/A,N/A
32950,,2.9,Bachelors,,F,N/A,1,1,4,N/A,N/A,N/A,N/A,N/A,N/A,N/A,N/A,N/A
32951,,2.8,Bachelors,,F,N/A,1,N/A,2,N/A,N/A,N/A,N/A,N/A,N/A,N/A,N/A,N/A
32952,,3.7,Bachelors,,M,0,1,1,3,N/A,N/A,N/A,N/A,N/A,N/A,N/A,N/A,N/A
32953,,3.9,Masters,,M,0,0,0,3,N/A,N/A,N/A,N/A,N/A,N/A,N/A,N/A,N/A
32954,,3.5,Masters,,F,1,0,0,2,N/A,N/A,N/A,N/A,N/A,N/A,N/A,N/A,N/A
32955,,3.0,Bachelors,,M,0,1,N/A,4,N/A,N/A,N/A,N/A,N/A,N/A,N/A,N/A,N/A
32956,,3.4,Phd,,M,1,1,N/A,2,N/A,N/A,N/A,N/A,N/A,N/A,N/A,N/A,N/A
32957,,3.7,Phd,,M,1,1,1,4,N/A,N/A,N/A,N/A,N/A,N/A,N/A,N/A,N/A
32958,,3.3,Bachelors,,N/A,0,0,1,0,N/A,N/A,N/A,N/A,N/A,N/A,N/A,N/A,N/A
32959,,2.7,Phd,,M,0,0,N/A,4,N/A,N/A,N/A,N/A,N/A,N/A,N/A,N/A,N/A
32960,,3.7,Phd,,M,1,0,0,1,N/A,N/A,N/A,N/A,N/A,N/A,N/A,N/A,N/A
32961,,3.2,Bachelors,,M,1,0,N/A,0,N/A,N/A,N/A,N/A,N/A,N/A,N/A,N/A,N/A
32962,,3.6,Phd,,N/A,N/A,1,N/A,0,N/A,N/A,N/A,N/A,N/A,N/A,N/A,N/A,N/A
32963,,2.4,Bachelors,,N/A,1,1,1,3,N/A,N/A,N/A,N/A,N/A,N/A,N/A,N/A,N/A
32964,,3.6,Masters,,N/A,1,0,N/A,2,N/A,N/A,N/A,N/A,N/A,N/A,N/A,N/A,N/A
32965,,2.1,Masters,,F,1,0,0,1,N/A,N/A,N/A,N/A,N/A,N/A,N/A,N/A,N/A
32966,,3.5,Bachelors,,F,1,0,1,3,N/A,N/A,N/A,N/A,N/A,N/A,N/A,N/A,N/A
32967,,2.7,Bachelors,,N/A,0,1,0,1,N/A,N/A,N/A,N/A,N/A,N/A,N/A,N/A,N/A
32968,,2.9,Phd,,F,1,0,1,2,N/A,N/A,N/A,N/A,N/A,N/A,N/A,N/A,N/A
32969,,2.2,Phd,,F,1,0,0,2,N/A,N/A,N/A,N/A,N/A,N/A,N/A,N/A,N/A
32970,,2.0,Bachelors,,N/A,N/A,1,1,2,N/A,N/A,N/A,N/A,N/A,N/A,N/A,N/A,N/A
32971,,2.5,Phd,,N/A,1,0,1,0,N/A,N/A,N/A,N/A,N/A,N/A,N/A,N/A,N/A
32972,,3.2,Bachelors,,F,0,0,1,1,N/A,N/A,N/A,N/A,N/A,N/A,N/A,N/A,N/A
32973,,2.5,Masters,,M,N/A,0,0,0,N/A,N/A,N/A,N/A,N/A,N/A,N/A,N/A,N/A
32974,,2.5,Masters,,M,N/A,1,N/A,2,N/A,N/A,N/A,N/A,N/A,N/A,N/A,N/A,N/A
32975,,2.9,Bachelors,,N/A,N/A,0,1,4,N/A,N/A,N/A,N/A,N/A,N/A,N/A,N/A,N/A
32976,,4.0,Bachelors,,F,1,1,1,2,N/A,N/A,N/A,N/A,N/A,N/A,N/A,N/A,N/A
32977,,3.3,Masters,,M,0,0,0,0,N/A,N/A,N/A,N/A,N/A,N/A,N/A,N/A,N/A
32978,,3.7,Phd,,F,0,0,N/A,1,N/A,N/A,N/A,N/A,N/A,N/A,N/A,N/A,N/A
32979,,3.6,Masters,,N/A,N/A,0,N/A,3,N/A,N/A,N/A,N/A,N/A,N/A,N/A,N/A,N/A
32980,,3.1,Masters,,M,1,0,0,0,N/A,N/A,N/A,N/A,N/A,N/A,N/A,N/A,N/A
32981,,3.7,Bachelors,,M,N/A,1,1,2,N/A,N/A,N/A,N/A,N/A,N/A,N/A,N/A,N/A
32982,,2.9,Bachelors,,F,N/A,0,0,3,N/A,N/A,N/A,N/A,N/A,N/A,N/A,N/A,N/A
32983,,2.0,Masters,,F,1,1,0,3,N/A,N/A,N/A,N/A,N/A,N/A,N/A,N/A,N/A
32984,,2.0,Bachelors,,N/A,0,1,N/A,3,N/A,N/A,N/A,N/A,N/A,N/A,N/A,N/A,N/A
32985,,2.2,Bachelors,,M,N/A,0,0,4,N/A,N/A,N/A,N/A,N/A,N/A,N/A,N/A,N/A
32986,,3.5,Phd,,F,1,1,N/A,1,N/A,N/A,N/A,N/A,N/A,N/A,N/A,N/A,N/A
32987,,4.0,Masters,,M,0,1,N/A,3,N/A,N/A,N/A,N/A,N/A,N/A,N/A,N/A,N/A
32988,,2.0,Masters,,F,1,1,N/A,2,N/A,N/A,N/A,N/A,N/A,N/A,N/A,N/A,N/A
32989,,3.2,Phd,,F,N/A,1,0,1,N/A,N/A,N/A,N/A,N/A,N/A,N/A,N/A,N/A
32990,,3.5,Bachelors,,F,N/A,0,1,4,N/A,N/A,N/A,N/A,N/A,N/A,N/A,N/A,N/A
32991,,3.6,Bachelors,,F,1,0,N/A,2,N/A,N/A,N/A,N/A,N/A,N/A,N/A,N/A,N/A
32992,,3.9,Masters,,M,0,0,1,4,N/A,N/A,N/A,N/A,N/A,N/A,N/A,N/A,N/A
32993,,3.6,Bachelors,,F,0,1,0,2,N/A,N/A,N/A,N/A,N/A,N/A,N/A,N/A,N/A
32994,,3.6,Phd,,M,N/A,0,1,4,N/A,N/A,N/A,N/A,N/A,N/A,N/A,N/A,N/A
32995,,4.0,Phd,,N/A,N/A,0,N/A,2,N/A,N/A,N/A,N/A,N/A,N/A,N/A,N/A,N/A
32996,,2.8,Phd,,F,0,0,0,1,N/A,N/A,N/A,N/A,N/A,N/A,N/A,N/A,N/A
32997,,3.1,Bachelors,,N/A,0,1,0,1,N/A,N/A,N/A,N/A,N/A,N/A,N/A,N/A,N/A
32998,,3.0,Phd,,M,1,1,N/A,4,N/A,N/A,N/A,N/A,N/A,N/A,N/A,N/A,N/A
32999,,2.2,Bachelors,,M,1,1,N/A,0,N/A,N/A,N/A,N/A,N/A,N/A,N/A,N/A,N/A
33000,,3.2,Masters,,N/A,1,0,N/A,1,N/A,N/A,N/A,N/A,N/A,N/A,N/A,N/A,N/A
33001,,3.2,Bachelors,,F,1,0,0,2,N/A,N/A,N/A,N/A,N/A,N/A,N/A,N/A,N/A
33002,,3.6,Masters,,F,N/A,0,1,2,N/A,N/A,N/A,N/A,N/A,N/A,N/A,N/A,N/A
33003,,3.3,Phd,,M,N/A,0,N/A,0,N/A,N/A,N/A,N/A,N/A,N/A,N/A,N/A,N/A
33004,,3.0,Bachelors,,N/A,N/A,0,1,1,N/A,N/A,N/A,N/A,N/A,N/A,N/A,N/A,N/A
33005,,2.3,Masters,,N/A,0,0,N/A,0,N/A,N/A,N/A,N/A,N/A,N/A,N/A,N/A,N/A
33006,,3.9,Masters,,M,1,1,1,2,N/A,N/A,N/A,N/A,N/A,N/A,N/A,N/A,N/A
33007,,3.5,Phd,,M,1,0,N/A,2,N/A,N/A,N/A,N/A,N/A,N/A,N/A,N/A,N/A
33008,,3.2,Phd,,N/A,N/A,0,N/A,0,N/A,N/A,N/A,N/A,N/A,N/A,N/A,N/A,N/A
33009,,3.2,Phd,,N/A,N/A,1,N/A,0,N/A,N/A,N/A,N/A,N/A,N/A,N/A,N/A,N/A
33010,,3.0,Phd,,F,1,0,N/A,0,N/A,N/A,N/A,N/A,N/A,N/A,N/A,N/A,N/A
33011,,2.1,Bachelors,,N/A,0,0,N/A,4,N/A,N/A,N/A,N/A,N/A,N/A,N/A,N/A,N/A
33012,,3.4,Bachelors,,M,0,1,0,4,N/A,N/A,N/A,N/A,N/A,N/A,N/A,N/A,N/A
33013,,3.6,Phd,,F,N/A,0,N/A,1,N/A,N/A,N/A,N/A,N/A,N/A,N/A,N/A,N/A
33014,,3.8,Phd,,N/A,N/A,1,0,1,N/A,N/A,N/A,N/A,N/A,N/A,N/A,N/A,N/A
33015,,2.6,Masters,,M,0,0,1,1,N/A,N/A,N/A,N/A,N/A,N/A,N/A,N/A,N/A
33016,,3.5,Masters,,F,1,0,0,1,N/A,N/A,N/A,N/A,N/A,N/A,N/A,N/A,N/A
33017,,2.2,Masters,,M,1,0,N/A,3,N/A,N/A,N/A,N/A,N/A,N/A,N/A,N/A,N/A
33018,,3.2,Masters,,F,1,0,1,2,N/A,N/A,N/A,N/A,N/A,N/A,N/A,N/A,N/A
33019,,3.0,Masters,,F,1,0,0,3,N/A,N/A,N/A,N/A,N/A,N/A,N/A,N/A,N/A
33020,,2.5,Masters,,F,N/A,1,0,1,N/A,N/A,N/A,N/A,N/A,N/A,N/A,N/A,N/A
33021,,3.6,Phd,,N/A,0,0,1,3,N/A,N/A,N/A,N/A,N/A,N/A,N/A,N/A,N/A
33022,,2.3,Masters,,F,0,0,1,0,N/A,N/A,N/A,N/A,N/A,N/A,N/A,N/A,N/A
33023,,2.6,Bachelors,,M,0,1,0,2,N/A,N/A,N/A,N/A,N/A,N/A,N/A,N/A,N/A
33024,,3.8,Masters,,M,N/A,1,0,4,N/A,N/A,N/A,N/A,N/A,N/A,N/A,N/A,N/A
33025,,3.2,Masters,,N/A,1,0,1,0,N/A,N/A,N/A,N/A,N/A,N/A,N/A,N/A,N/A
33026,,2.5,Masters,,F,1,0,N/A,2,N/A,N/A,N/A,N/A,N/A,N/A,N/A,N/A,N/A
33027,,3.6,Phd,,F,0,1,1,1,N/A,N/A,N/A,N/A,N/A,N/A,N/A,N/A,N/A
33028,,2.2,Bachelors,,N/A,0,0,N/A,2,N/A,N/A,N/A,N/A,N/A,N/A,N/A,N/A,N/A
33029,,3.2,Bachelors,,N/A,1,1,0,0,N/A,N/A,N/A,N/A,N/A,N/A,N/A,N/A,N/A
33030,,3.1,Phd,,N/A,N/A,0,0,2,N/A,N/A,N/A,N/A,N/A,N/A,N/A,N/A,N/A
33031,,2.2,Phd,,M,0,0,0,4,N/A,N/A,N/A,N/A,N/A,N/A,N/A,N/A,N/A
33032,,2.2,Bachelors,,M,0,1,1,4,N/A,N/A,N/A,N/A,N/A,N/A,N/A,N/A,N/A
33033,,2.0,Bachelors,,M,N/A,0,N/A,0,N/A,N/A,N/A,N/A,N/A,N/A,N/A,N/A,N/A
33034,,2.5,Masters,,M,N/A,1,1,2,N/A,N/A,N/A,N/A,N/A,N/A,N/A,N/A,N/A
33035,,2.3,Bachelors,,M,0,0,N/A,2,N/A,N/A,N/A,N/A,N/A,N/A,N/A,N/A,N/A
33036,,2.6,Phd,,F,N/A,0,0,0,N/A,N/A,N/A,N/A,N/A,N/A,N/A,N/A,N/A
33037,,2.0,Phd,,M,0,1,N/A,3,N/A,N/A,N/A,N/A,N/A,N/A,N/A,N/A,N/A
33038,,3.6,Masters,,M,1,0,0,4,N/A,N/A,N/A,N/A,N/A,N/A,N/A,N/A,N/A
33039,,4.0,Masters,,M,N/A,0,0,2,N/A,N/A,N/A,N/A,N/A,N/A,N/A,N/A,N/A
33040,,3.9,Phd,,M,1,1,N/A,2,N/A,N/A,N/A,N/A,N/A,N/A,N/A,N/A,N/A
33041,,2.8,Masters,,M,N/A,1,1,0,N/A,N/A,N/A,N/A,N/A,N/A,N/A,N/A,N/A
33042,,2.9,Masters,,M,1,0,N/A,2,N/A,N/A,N/A,N/A,N/A,N/A,N/A,N/A,N/A
33043,,3.5,Masters,,F,0,1,0,2,N/A,N/A,N/A,N/A,N/A,N/A,N/A,N/A,N/A
33044,,2.4,Masters,,N/A,N/A,0,N/A,3,N/A,N/A,N/A,N/A,N/A,N/A,N/A,N/A,N/A
33045,,3.3,Masters,,F,0,1,0,1,N/A,N/A,N/A,N/A,N/A,N/A,N/A,N/A,N/A
33046,,2.3,Bachelors,,N/A,N/A,0,N/A,2,N/A,N/A,N/A,N/A,N/A,N/A,N/A,N/A,N/A
33047,,3.6,Masters,,F,0,1,1,4,N/A,N/A,N/A,N/A,N/A,N/A,N/A,N/A,N/A
33048,,3.1,Masters,,M,0,1,0,4,N/A,N/A,N/A,N/A,N/A,N/A,N/A,N/A,N/A
33049,,3.7,Phd,,F,1,1,1,4,N/A,N/A,N/A,N/A,N/A,N/A,N/A,N/A,N/A
33050,,3.4,Masters,,F,1,1,0,0,N/A,N/A,N/A,N/A,N/A,N/A,N/A,N/A,N/A
33051,,2.0,Masters,,M,N/A,1,1,1,N/A,N/A,N/A,N/A,N/A,N/A,N/A,N/A,N/A
33052,,2.1,Masters,,F,N/A,1,N/A,3,N/A,N/A,N/A,N/A,N/A,N/A,N/A,N/A,N/A
33053,,2.6,Phd,,M,1,0,1,3,N/A,N/A,N/A,N/A,N/A,N/A,N/A,N/A,N/A
33054,,3.9,Phd,,F,1,0,1,0,N/A,N/A,N/A,N/A,N/A,N/A,N/A,N/A,N/A
33055,,3.2,Bachelors,,N/A,1,1,N/A,2,N/A,N/A,N/A,N/A,N/A,N/A,N/A,N/A,N/A
33056,,3.5,Phd,,N/A,N/A,1,0,0,N/A,N/A,N/A,N/A,N/A,N/A,N/A,N/A,N/A
33057,,3.4,Bachelors,,N/A,1,0,0,1,N/A,N/A,N/A,N/A,N/A,N/A,N/A,N/A,N/A
33058,,2.4,Bachelors,,F,1,0,0,2,N/A,N/A,N/A,N/A,N/A,N/A,N/A,N/A,N/A
33059,,3.5,Phd,,M,1,1,N/A,0,N/A,N/A,N/A,N/A,N/A,N/A,N/A,N/A,N/A
33060,,3.4,Phd,,F,1,0,0,3,N/A,N/A,N/A,N/A,N/A,N/A,N/A,N/A,N/A
33061,,2.5,Bachelors,,N/A,N/A,0,N/A,3,N/A,N/A,N/A,N/A,N/A,N/A,N/A,N/A,N/A
33062,,3.0,Phd,,F,N/A,0,0,0,N/A,N/A,N/A,N/A,N/A,N/A,N/A,N/A,N/A
33063,,2.7,Masters,,F,1,1,1,3,N/A,N/A,N/A,N/A,N/A,N/A,N/A,N/A,N/A
33064,,2.6,Masters,,N/A,0,1,1,2,N/A,N/A,N/A,N/A,N/A,N/A,N/A,N/A,N/A
33065,,2.6,Bachelors,,F,0,1,1,2,N/A,N/A,N/A,N/A,N/A,N/A,N/A,N/A,N/A
33066,,2.3,Masters,,F,1,0,1,0,N/A,N/A,N/A,N/A,N/A,N/A,N/A,N/A,N/A
33067,,2.4,Bachelors,,N/A,1,1,N/A,2,N/A,N/A,N/A,N/A,N/A,N/A,N/A,N/A,N/A
33068,,3.7,Bachelors,,F,0,1,1,4,N/A,N/A,N/A,N/A,N/A,N/A,N/A,N/A,N/A
33069,,3.7,Bachelors,,N/A,N/A,0,0,3,N/A,N/A,N/A,N/A,N/A,N/A,N/A,N/A,N/A
33070,,3.2,Phd,,F,0,1,N/A,0,N/A,N/A,N/A,N/A,N/A,N/A,N/A,N/A,N/A
33071,,2.6,Phd,,F,0,0,0,4,N/A,N/A,N/A,N/A,N/A,N/A,N/A,N/A,N/A
33072,,2.3,Phd,,M,N/A,1,N/A,3,N/A,N/A,N/A,N/A,N/A,N/A,N/A,N/A,N/A
33073,,3.8,Phd,,M,N/A,1,0,2,N/A,N/A,N/A,N/A,N/A,N/A,N/A,N/A,N/A
33074,,2.2,Masters,,F,1,0,N/A,1,N/A,N/A,N/A,N/A,N/A,N/A,N/A,N/A,N/A
33075,,2.7,Phd,,F,0,1,0,0,N/A,N/A,N/A,N/A,N/A,N/A,N/A,N/A,N/A
33076,,2.2,Masters,,F,1,0,1,4,N/A,N/A,N/A,N/A,N/A,N/A,N/A,N/A,N/A
33077,,2.8,Masters,,M,N/A,1,0,0,N/A,N/A,N/A,N/A,N/A,N/A,N/A,N/A,N/A
33078,,2.6,Masters,,M,N/A,1,0,3,N/A,N/A,N/A,N/A,N/A,N/A,N/A,N/A,N/A
33079,,2.1,Bachelors,,N/A,0,1,N/A,2,N/A,N/A,N/A,N/A,N/A,N/A,N/A,N/A,N/A
33080,,3.2,Phd,,F,0,0,N/A,4,N/A,N/A,N/A,N/A,N/A,N/A,N/A,N/A,N/A
33081,,2.7,Phd,,N/A,1,0,N/A,2,N/A,N/A,N/A,N/A,N/A,N/A,N/A,N/A,N/A
33082,,2.1,Phd,,N/A,N/A,0,1,0,N/A,N/A,N/A,N/A,N/A,N/A,N/A,N/A,N/A
33083,,2.3,Bachelors,,M,N/A,0,N/A,2,N/A,N/A,N/A,N/A,N/A,N/A,N/A,N/A,N/A
33084,,2.9,Masters,,F,1,1,N/A,4,N/A,N/A,N/A,N/A,N/A,N/A,N/A,N/A,N/A
33085,,2.4,Masters,,F,1,1,N/A,4,N/A,N/A,N/A,N/A,N/A,N/A,N/A,N/A,N/A
33086,,2.2,Masters,,F,1,1,1,2,N/A,N/A,N/A,N/A,N/A,N/A,N/A,N/A,N/A
33087,,2.9,Phd,,F,0,0,1,2,N/A,N/A,N/A,N/A,N/A,N/A,N/A,N/A,N/A
33088,,2.7,Masters,,F,0,0,N/A,2,N/A,N/A,N/A,N/A,N/A,N/A,N/A,N/A,N/A
33089,,2.7,Bachelors,,N/A,N/A,1,1,3,N/A,N/A,N/A,N/A,N/A,N/A,N/A,N/A,N/A
33090,,2.5,Masters,,N/A,1,1,0,1,N/A,N/A,N/A,N/A,N/A,N/A,N/A,N/A,N/A
33091,,3.6,Phd,,M,0,0,0,0,N/A,N/A,N/A,N/A,N/A,N/A,N/A,N/A,N/A
33092,,3.8,Bachelors,,M,N/A,0,1,3,N/A,N/A,N/A,N/A,N/A,N/A,N/A,N/A,N/A
33093,,4.0,Masters,,M,N/A,0,1,1,N/A,N/A,N/A,N/A,N/A,N/A,N/A,N/A,N/A
33094,,3.0,Masters,,M,1,0,0,2,N/A,N/A,N/A,N/A,N/A,N/A,N/A,N/A,N/A
33095,,2.6,Masters,,F,0,1,1,0,N/A,N/A,N/A,N/A,N/A,N/A,N/A,N/A,N/A
33096,,2.1,Masters,,N/A,N/A,1,N/A,2,N/A,N/A,N/A,N/A,N/A,N/A,N/A,N/A,N/A
33097,,2.9,Phd,,M,1,0,N/A,2,N/A,N/A,N/A,N/A,N/A,N/A,N/A,N/A,N/A
33098,,3.5,Phd,,N/A,0,0,1,3,N/A,N/A,N/A,N/A,N/A,N/A,N/A,N/A,N/A
33099,,3.8,Bachelors,,N/A,1,1,N/A,0,N/A,N/A,N/A,N/A,N/A,N/A,N/A,N/A,N/A
33100,,2.6,Bachelors,,M,N/A,0,N/A,4,N/A,N/A,N/A,N/A,N/A,N/A,N/A,N/A,N/A
33101,,3.8,Masters,,N/A,1,1,0,2,N/A,N/A,N/A,N/A,N/A,N/A,N/A,N/A,N/A
33102,,2.1,Masters,,N/A,1,1,1,3,N/A,N/A,N/A,N/A,N/A,N/A,N/A,N/A,N/A
33103,,3.4,Phd,,N/A,0,1,0,2,N/A,N/A,N/A,N/A,N/A,N/A,N/A,N/A,N/A
33104,,2.2,Bachelors,,N/A,0,0,0,1,N/A,N/A,N/A,N/A,N/A,N/A,N/A,N/A,N/A
33105,,3.6,Masters,,N/A,1,0,N/A,1,N/A,N/A,N/A,N/A,N/A,N/A,N/A,N/A,N/A
33106,,2.7,Phd,,N/A,0,1,N/A,4,N/A,N/A,N/A,N/A,N/A,N/A,N/A,N/A,N/A
33107,,3.3,Phd,,N/A,N/A,1,0,4,N/A,N/A,N/A,N/A,N/A,N/A,N/A,N/A,N/A
33108,,2.5,Phd,,F,N/A,0,0,3,N/A,N/A,N/A,N/A,N/A,N/A,N/A,N/A,N/A
33109,,2.6,Phd,,N/A,N/A,0,N/A,1,N/A,N/A,N/A,N/A,N/A,N/A,N/A,N/A,N/A
33110,,3.1,Bachelors,,F,N/A,1,N/A,4,N/A,N/A,N/A,N/A,N/A,N/A,N/A,N/A,N/A
33111,,4.0,Masters,,N/A,N/A,0,1,4,N/A,N/A,N/A,N/A,N/A,N/A,N/A,N/A,N/A
33112,,2.0,Masters,,N/A,1,0,N/A,3,N/A,N/A,N/A,N/A,N/A,N/A,N/A,N/A,N/A
33113,,3.5,Bachelors,,M,1,0,0,1,N/A,N/A,N/A,N/A,N/A,N/A,N/A,N/A,N/A
33114,,2.3,Phd,,F,1,1,0,2,N/A,N/A,N/A,N/A,N/A,N/A,N/A,N/A,N/A
33115,,3.8,Masters,,M,1,0,0,3,N/A,N/A,N/A,N/A,N/A,N/A,N/A,N/A,N/A
33116,,2.3,Masters,,M,0,0,N/A,1,N/A,N/A,N/A,N/A,N/A,N/A,N/A,N/A,N/A
33117,,2.2,Masters,,N/A,1,1,0,4,N/A,N/A,N/A,N/A,N/A,N/A,N/A,N/A,N/A
33118,,2.2,Bachelors,,N/A,1,1,N/A,0,N/A,N/A,N/A,N/A,N/A,N/A,N/A,N/A,N/A
33119,,2.9,Phd,,F,N/A,0,N/A,3,N/A,N/A,N/A,N/A,N/A,N/A,N/A,N/A,N/A
33120,,3.7,Phd,,F,0,0,0,2,N/A,N/A,N/A,N/A,N/A,N/A,N/A,N/A,N/A
33121,,3.3,Phd,,N/A,1,1,1,1,N/A,N/A,N/A,N/A,N/A,N/A,N/A,N/A,N/A
33122,,2.9,Masters,,N/A,N/A,1,1,2,N/A,N/A,N/A,N/A,N/A,N/A,N/A,N/A,N/A
33123,,2.0,Masters,,M,0,1,N/A,0,N/A,N/A,N/A,N/A,N/A,N/A,N/A,N/A,N/A
33124,,3.2,Phd,,F,0,0,0,1,N/A,N/A,N/A,N/A,N/A,N/A,N/A,N/A,N/A
33125,,2.8,Masters,,N/A,N/A,0,1,3,N/A,N/A,N/A,N/A,N/A,N/A,N/A,N/A,N/A
33126,,3.5,Bachelors,,M,N/A,1,N/A,2,N/A,N/A,N/A,N/A,N/A,N/A,N/A,N/A,N/A
33127,,2.8,Bachelors,,M,N/A,0,1,0,N/A,N/A,N/A,N/A,N/A,N/A,N/A,N/A,N/A
33128,,3.4,Masters,,N/A,0,0,1,4,N/A,N/A,N/A,N/A,N/A,N/A,N/A,N/A,N/A
33129,,2.5,Masters,,N/A,1,1,N/A,2,N/A,N/A,N/A,N/A,N/A,N/A,N/A,N/A,N/A
33130,,2.6,Bachelors,,N/A,N/A,0,1,3,N/A,N/A,N/A,N/A,N/A,N/A,N/A,N/A,N/A
33131,,2.8,Phd,,N/A,N/A,0,N/A,4,N/A,N/A,N/A,N/A,N/A,N/A,N/A,N/A,N/A
33132,,2.1,Masters,,M,N/A,1,1,3,N/A,N/A,N/A,N/A,N/A,N/A,N/A,N/A,N/A
33133,,3.8,Phd,,M,0,0,0,3,N/A,N/A,N/A,N/A,N/A,N/A,N/A,N/A,N/A
33134,,2.1,Bachelors,,F,0,1,1,0,N/A,N/A,N/A,N/A,N/A,N/A,N/A,N/A,N/A
33135,,3.4,Masters,,N/A,N/A,1,N/A,2,N/A,N/A,N/A,N/A,N/A,N/A,N/A,N/A,N/A
33136,,2.5,Phd,,M,N/A,1,N/A,0,N/A,N/A,N/A,N/A,N/A,N/A,N/A,N/A,N/A
33137,,3.2,Masters,,M,1,1,N/A,3,N/A,N/A,N/A,N/A,N/A,N/A,N/A,N/A,N/A
33138,,3.9,Masters,,F,0,0,0,2,N/A,N/A,N/A,N/A,N/A,N/A,N/A,N/A,N/A
33139,,2.3,Bachelors,,F,N/A,0,0,4,N/A,N/A,N/A,N/A,N/A,N/A,N/A,N/A,N/A
33140,,2.8,Bachelors,,F,0,0,N/A,0,N/A,N/A,N/A,N/A,N/A,N/A,N/A,N/A,N/A
33141,,3.1,Bachelors,,F,N/A,1,N/A,0,N/A,N/A,N/A,N/A,N/A,N/A,N/A,N/A,N/A
33142,,2.8,Masters,,M,1,0,N/A,3,N/A,N/A,N/A,N/A,N/A,N/A,N/A,N/A,N/A
33143,,2.7,Phd,,F,0,1,1,2,N/A,N/A,N/A,N/A,N/A,N/A,N/A,N/A,N/A
33144,,3.1,Masters,,F,0,0,0,3,N/A,N/A,N/A,N/A,N/A,N/A,N/A,N/A,N/A
33145,,4.0,Phd,,F,0,1,0,0,N/A,N/A,N/A,N/A,N/A,N/A,N/A,N/A,N/A
33146,,3.3,Bachelors,,N/A,N/A,0,N/A,4,N/A,N/A,N/A,N/A,N/A,N/A,N/A,N/A,N/A
33147,,2.2,Masters,,N/A,1,1,1,0,N/A,N/A,N/A,N/A,N/A,N/A,N/A,N/A,N/A
33148,,2.2,Masters,,M,N/A,0,0,0,N/A,N/A,N/A,N/A,N/A,N/A,N/A,N/A,N/A
33149,,2.5,Bachelors,,N/A,0,1,0,4,N/A,N/A,N/A,N/A,N/A,N/A,N/A,N/A,N/A
33150,,2.2,Bachelors,,F,1,1,1,3,N/A,N/A,N/A,N/A,N/A,N/A,N/A,N/A,N/A
33151,,2.7,Masters,,M,1,1,N/A,3,N/A,N/A,N/A,N/A,N/A,N/A,N/A,N/A,N/A
33152,,3.1,Masters,,F,N/A,0,1,3,N/A,N/A,N/A,N/A,N/A,N/A,N/A,N/A,N/A
33153,,3.8,Phd,,F,0,0,0,1,N/A,N/A,N/A,N/A,N/A,N/A,N/A,N/A,N/A
33154,,3.4,Bachelors,,M,0,0,0,4,N/A,N/A,N/A,N/A,N/A,N/A,N/A,N/A,N/A
33155,,2.2,Phd,,F,1,1,1,1,N/A,N/A,N/A,N/A,N/A,N/A,N/A,N/A,N/A
33156,,2.1,Masters,,F,1,1,0,3,N/A,N/A,N/A,N/A,N/A,N/A,N/A,N/A,N/A
33157,,3.1,Bachelors,,M,N/A,1,0,4,N/A,N/A,N/A,N/A,N/A,N/A,N/A,N/A,N/A
33158,,3.6,Phd,,M,1,0,1,0,N/A,N/A,N/A,N/A,N/A,N/A,N/A,N/A,N/A
33159,,3.1,Bachelors,,F,1,0,0,0,N/A,N/A,N/A,N/A,N/A,N/A,N/A,N/A,N/A
33160,,3.2,Bachelors,,M,N/A,0,1,2,N/A,N/A,N/A,N/A,N/A,N/A,N/A,N/A,N/A
33161,,2.9,Phd,,F,0,0,N/A,1,N/A,N/A,N/A,N/A,N/A,N/A,N/A,N/A,N/A
33162,,3.8,Bachelors,,N/A,N/A,0,N/A,0,N/A,N/A,N/A,N/A,N/A,N/A,N/A,N/A,N/A
33163,,3.6,Masters,,F,1,1,0,3,N/A,N/A,N/A,N/A,N/A,N/A,N/A,N/A,N/A
33164,,4.0,Phd,,M,0,1,0,4,N/A,N/A,N/A,N/A,N/A,N/A,N/A,N/A,N/A
33165,,3.3,Bachelors,,F,0,0,N/A,2,N/A,N/A,N/A,N/A,N/A,N/A,N/A,N/A,N/A
33166,,3.9,Bachelors,,F,N/A,0,0,4,N/A,N/A,N/A,N/A,N/A,N/A,N/A,N/A,N/A
33167,,3.0,Phd,,M,N/A,0,N/A,2,N/A,N/A,N/A,N/A,N/A,N/A,N/A,N/A,N/A
33168,,2.1,Phd,,N/A,1,0,N/A,0,N/A,N/A,N/A,N/A,N/A,N/A,N/A,N/A,N/A
33169,,2.2,Bachelors,,M,N/A,1,1,0,N/A,N/A,N/A,N/A,N/A,N/A,N/A,N/A,N/A
33170,,2.8,Bachelors,,M,0,0,0,3,N/A,N/A,N/A,N/A,N/A,N/A,N/A,N/A,N/A
33171,,2.7,Masters,,N/A,N/A,0,1,3,N/A,N/A,N/A,N/A,N/A,N/A,N/A,N/A,N/A
33172,,3.1,Bachelors,,M,1,0,N/A,2,N/A,N/A,N/A,N/A,N/A,N/A,N/A,N/A,N/A
33173,,2.0,Phd,,N/A,0,0,N/A,4,N/A,N/A,N/A,N/A,N/A,N/A,N/A,N/A,N/A
33174,,2.0,Masters,,F,0,0,N/A,3,N/A,N/A,N/A,N/A,N/A,N/A,N/A,N/A,N/A
33175,,3.6,Masters,,M,1,0,1,2,N/A,N/A,N/A,N/A,N/A,N/A,N/A,N/A,N/A
33176,,2.4,Phd,,M,1,0,0,1,N/A,N/A,N/A,N/A,N/A,N/A,N/A,N/A,N/A
33177,,3.7,Masters,,M,0,1,N/A,0,N/A,N/A,N/A,N/A,N/A,N/A,N/A,N/A,N/A
33178,,3.5,Phd,,F,N/A,0,0,1,N/A,N/A,N/A,N/A,N/A,N/A,N/A,N/A,N/A
33179,,2.6,Masters,,N/A,1,1,0,1,N/A,N/A,N/A,N/A,N/A,N/A,N/A,N/A,N/A
33180,,2.0,Bachelors,,M,1,0,1,0,N/A,N/A,N/A,N/A,N/A,N/A,N/A,N/A,N/A
33181,,3.2,Phd,,N/A,0,0,N/A,0,N/A,N/A,N/A,N/A,N/A,N/A,N/A,N/A,N/A
33182,,2.8,Masters,,M,N/A,0,1,0,N/A,N/A,N/A,N/A,N/A,N/A,N/A,N/A,N/A
33183,,2.7,Bachelors,,F,N/A,0,N/A,2,N/A,N/A,N/A,N/A,N/A,N/A,N/A,N/A,N/A
33184,,2.8,Masters,,N/A,1,0,N/A,4,N/A,N/A,N/A,N/A,N/A,N/A,N/A,N/A,N/A
33185,,3.5,Bachelors,,F,1,1,N/A,3,N/A,N/A,N/A,N/A,N/A,N/A,N/A,N/A,N/A
33186,,2.8,Phd,,F,1,0,1,2,N/A,N/A,N/A,N/A,N/A,N/A,N/A,N/A,N/A
33187,,3.9,Masters,,M,N/A,0,0,0,N/A,N/A,N/A,N/A,N/A,N/A,N/A,N/A,N/A
33188,,3.0,Bachelors,,M,N/A,1,1,2,N/A,N/A,N/A,N/A,N/A,N/A,N/A,N/A,N/A
33189,,3.3,Bachelors,,N/A,N/A,0,N/A,0,N/A,N/A,N/A,N/A,N/A,N/A,N/A,N/A,N/A
33190,,3.6,Bachelors,,N/A,1,1,N/A,2,N/A,N/A,N/A,N/A,N/A,N/A,N/A,N/A,N/A
33191,,3.7,Bachelors,,F,1,1,0,3,N/A,N/A,N/A,N/A,N/A,N/A,N/A,N/A,N/A
33192,,3.5,Bachelors,,F,1,1,1,2,N/A,N/A,N/A,N/A,N/A,N/A,N/A,N/A,N/A
33193,,3.7,Bachelors,,F,N/A,0,1,4,N/A,N/A,N/A,N/A,N/A,N/A,N/A,N/A,N/A
33194,,2.1,Bachelors,,F,N/A,0,1,4,N/A,N/A,N/A,N/A,N/A,N/A,N/A,N/A,N/A
33195,,2.1,Masters,,M,0,0,1,1,N/A,N/A,N/A,N/A,N/A,N/A,N/A,N/A,N/A
33196,,2.6,Masters,,F,N/A,0,1,4,N/A,N/A,N/A,N/A,N/A,N/A,N/A,N/A,N/A
33197,,2.7,Masters,,F,1,0,N/A,2,N/A,N/A,N/A,N/A,N/A,N/A,N/A,N/A,N/A
33198,,2.0,Phd,,F,1,0,0,0,N/A,N/A,N/A,N/A,N/A,N/A,N/A,N/A,N/A
33199,,3.0,Bachelors,,F,1,0,1,3,N/A,N/A,N/A,N/A,N/A,N/A,N/A,N/A,N/A
33200,,3.4,Masters,,N/A,0,1,0,0,N/A,N/A,N/A,N/A,N/A,N/A,N/A,N/A,N/A