Applicant ID,School Name,GPA,Degree,Location,Gender,Veteran status,Work authorization,Disability,Ethnicity,Role 1,Start 1,End 1,Role 2,Start 2,End 2,Role 3,Start 3,End 3,Resume score
1,,3.9,Masters,,N/A,N/A,1,0,2,N/A,N/A,N/A,N/A,N/A,N/A,N/A,N/A,N/A,5.04
2,,2.9,Phd,,F,1,1,0,4,N/A,N/A,N/A,N/A,N/A,N/A,N/A,N/A,N/A,2.96
3,,2.5,Bachelors,,F,N/A,1,0,2,N/A,N/A,N/A,N/A,N/A,N/A,N/A,N/A,N/A,4.45
4,,2.1,Phd,,M,N/A,0,N/A,0,N/A,N/A,N/A,N/A,N/A,N/A,N/A,N/A,N/A,5.01
5,,3.8,Masters,,F,N/A,1,N/A,2,N/A,N/A,N/A,N/A,N/A,N/A,N/A,N/A,N/A,0.88
6,,2.9,Phd,,N/A,1,0,1,0,N/A,N/A,N/A,N/A,N/A,N/A,N/A,N/A,N/A,8.89
7,,2.7,Phd,,F,N/A,1,0,4,N/A,N/A,N/A,N/A,N/A,N/A,N/A,N/A,N/A,1.42
8,,2.6,Phd,,M,1,1,0,2,N/A,N/A,N/A,N/A,N/A,N/A,N/A,N/A,N/A,5.72
9,,3.3,Bachelors,,M,N/A,0,N/A,3,N/A,N/A,N/A,N/A,N/A,N/A,N/A,N/A,N/A,6.05
10,,2.9,Bachelors,,N/A,0,1,1,0,N/A,N/A,N/A,N/A,N/A,N/A,N/A,N/A,N/A,2.83
11,,3.9,Phd,,N/A,1,0,N/A,2,N/A,N/A,N/A,N/A,N/A,N/A,N/A,N/A,N/A,3.28
12,,2.3,Masters,,M,1,0,0,0,N/A,N/A,N/A,N/A,N/A,N/A,N/A,N/A,N/A,7.84
13,,3.0,Bachelors,,N/A,1,0,1,4,N/A,N/A,N/A,N/A,N/A,N/A,N/A,N/A,N/A,1.22
14,,2.7,Bachelors,,N/A,N/A,0,0,1,N/A,N/A,N/A,N/A,N/A,N/A,N/A,N/A,N/A,4.1
15,,3.2,Masters,,F,1,1,N/A,0,N/A,N/A,N/A,N/A,N/A,N/A,N/A,N/A,N/A,0.52
16,,2.2,Bachelors,,N/A,1,1,1,2,N/A,N/A,N/A,N/A,N/A,N/A,N/A,N/A,N/A,8.59
17,,3.0,Masters,,F,N/A,1,1,0,N/A,N/A,N/A,N/A,N/A,N/A,N/A,N/A,N/A,9.41
18,,2.6,Phd,,F,0,1,N/A,3,N/A,N/A,N/A,N/A,N/A,N/A,N/A,N/A,N/A,6.56
19,,2.4,Phd,,M,N/A,1,0,2,N/A,N/A,N/A,N/A,N/A,N/A,N/A,N/A,N/A,7.32
20,,3.4,Masters,,N/A,0,0,0,2,N/A,N/A,N/A,N/A,N/A,N/A,N/A,N/A,N/A,5.44
21,,3.3,Phd,,F,0,1,N/A,3,N/A,N/A,N/A,N/A,N/A,N/A,N/A,N/A,N/A,6.69
22,,2.7,Phd,,F,1,0,0,0,N/A,N/A,N/A,N/A,N/A,N/A,N/A,N/A,N/A,9.92
23,,3.6,Bachelors,,M,0,1,0,4,N/A,N/A,N/A,N/A,N/A,N/A,N/A,N/A,N/A,4.17
24,,3.6,Bachelors,,M,1,1,N/A,4,N/A,N/A,N/A,N/A,N/A,N/A,N/A,N/A,N/A,4.39
25,,2.0,Phd,,M,N/A,1,1,3,N/A,N/A,N/A,N/A,N/A,N/A,N/A,N/A,N/A,8.84
26,,2.1,Bachelors,,N/A,0,0,0,0,N/A,N/A,N/A,N/A,N/A,N/A,N/A,N/A,N/A,2.83
27,,2.7,Bachelors,,F,N/A,1,N/A,0,N/A,N/A,N/A,N/A,N/A,N/A,N/A,N/A,N/A,2.98
28,,3.3,Masters,,N/A,1,1,0,4,N/A,N/A,N/A,N/A,N/A,N/A,N/A,N/A,N/A,3.71
29,,3.1,Bachelors,,F,1,0,N/A,3,N/A,N/A,N/A,N/A,N/A,N/A,N/A,N/A,N/A,5.65
30,,3.8,Phd,,M,0,0,0,1,N/A,N/A,N/A,N/A,N/A,N/A,N/A,N/A,N/A,5.05
31,,2.0,Bachelors,,N/A,N/A,1,N/A,2,N/A,N/A,N/A,N/A,N/A,N/A,N/A,N/A,N/A,4.76
32,,2.1,Masters,,M,N/A,1,0,1,N/A,N/A,N/A,N/A,N/A,N/A,N/A,N/A,N/A,4.03
33,,3.5,Masters,,M,N/A,1,1,1,N/A,N/A,N/A,N/A,N/A,N/A,N/A,N/A,N/A,8.27
34,,2.9,Phd,,M,1,1,N/A,0,N/A,N/A,N/A,N/A,N/A,N/A,N/A,N/A,N/A,6.79
35,,3.4,Bachelors,,F,0,0,1,2,N/A,N/A,N/A,N/A,N/A,N/A,N/A,N/A,N/A,4.27
36,,2.2,Phd,,M,N/A,1,0,4,N/A,N/A,N/A,N/A,N/A,N/A,N/A,N/A,N/A,2.38
37,,3.9,Masters,,N/A,0,1,1,4,N/A,N/A,N/A,N/A,N/A,N/A,N/A,N/A,N/A,7.5
38,,2.9,Bachelors,,M,0,0,1,4,N/A,N/A,N/A,N/A,N/A,N/A,N/A,N/A,N/A,8.48
39,,4.0,Phd,,M,N/A,0,0,2,N/A,N/A,N/A,N/A,N/A,N/A,N/A,N/A,N/A,3.99
40,,3.1,Phd,,N/A,0,0,N/A,1,N/A,N/A,N/A,N/A,N/A,N/A,N/A,N/A,N/A,9.84
41,,3.1,Masters,,M,1,0,1,0,N/A,N/A,N/A,N/A,N/A,N/A,N/A,N/A,N/A,0.97
42,,3.1,Bachelors,,M,0,1,0,1,N/A,N/A,N/A,N/A,N/A,N/A,N/A,N/A,N/A,4.66
43,,4.0,Masters,,M,N/A,1,0,4,N/A,N/A,N/A,N/A,N/A,N/A,N/A,N/A,N/A,7.43
44,,3.6,Phd,,N/A,N/A,1,1,0,N/A,N/A,N/A,N/A,N/A,N/A,N/A,N/A,N/A,3.81
45,,3.7,Bachelors,,F,0,0,N/A,0,N/A,N/A,N/A,N/A,N/A,N/A,N/A,N/A,N/A,8.5
46,,2.9,Masters,,F,N/A,0,N/A,0,N/A,N/A,N/A,N/A,N/A,N/A,N/A,N/A,N/A,6.02
47,,3.4,Phd,,F,0,0,N/A,0,N/A,N/A,N/A,N/A,N/A,N/A,N/A,N/A,N/A,3.52
48,,2.6,Bachelors,,N/A,1,0,N/A,4,N/A,N/A,N/A,N/A,N/A,N/A,N/A,N/A,N/A,6.47
49,,3.2,Bachelors,,F,1,1,N/A,1,N/A,N/A,N/A,N/A,N/A,N/A,N/A,N/A,N/A,4.14
50,,3.1,Bachelors,,M,N/A,1,0,3,N/A,N/A,N/A,N/A,N/A,N/A,N/A,N/A,N/A,2.52
51,,2.2,Bachelors,,M,N/A,0,1,4,N/A,N/A,N/A,N/A,N/A,N/A,N/A,N/A,N/A,2.71
52,,4.0,Phd,,M,0,1,0,0,N/A,N/A,N/A,N/A,N/A,N/A,N/A,N/A,N/A,4.51
53,,3.0,Masters,,M,1,1,N/A,1,N/A,N/A,N/A,N/A,N/A,N/A,N/A,N/A,N/A,0.62
54,,2.9,Bachelors,,M,0,0,1,2,N/A,N/A,N/A,N/A,N/A,N/A,N/A,N/A,N/A,6.15
55,,2.0,Bachelors,,M,N/A,1,1,4,N/A,N/A,N/A,N/A,N/A,N/A,N/A,N/A,N/A,2.69
56,,3.8,Bachelors,,M,N/A,1,N/A,1,N/A,N/A,N/A,N/A,N/A,N/A,N/A,N/A,N/A,3.69
57,,2.9,Masters,,N/A,0,1,N/A,0,N/A,N/A,N/A,N/A,N/A,N/A,N/A,N/A,N/A,6.57
58,,2.2,Phd,,F,N/A,1,N/A,3,N/A,N/A,N/A,N/A,N/A,N/A,N/A,N/A,N/A,1.53
59,,2.2,Masters,,M,N/A,1,N/A,1,N/A,N/A,N/A,N/A,N/A,N/A,N/A,N/A,N/A,9.3
60,,2.2,Phd,,N/A,N/A,1,1,1,N/A,N/A,N/A,N/A,N/A,N/A,N/A,N/A,N/A,2.04
61,,3.2,Phd,,M,N/A,0,1,1,N/A,N/A,N/A,N/A,N/A,N/A,N/A,N/A,N/A,5.94
62,,3.0,Bachelors,,F,N/A,1,N/A,1,N/A,N/A,N/A,N/A,N/A,N/A,N/A,N/A,N/A,6.88
63,,2.5,Phd,,N/A,0,0,N/A,2,N/A,N/A,N/A,N/A,N/A,N/A,N/A,N/A,N/A,0.31
64,,3.9,Masters,,M,N/A,0,N/A,1,N/A,N/A,N/A,N/A,N/A,N/A,N/A,N/A,N/A,0.92
65,,2.3,Masters,,F,0,1,1,2,N/A,N/A,N/A,N/A,N/A,N/A,N/A,N/A,N/A,2.18
66,,2.8,Bachelors,,N/A,N/A,1,1,1,N/A,N/A,N/A,N/A,N/A,N/A,N/A,N/A,N/A,5.21
67,,3.4,Bachelors,,M,0,1,0,0,N/A,N/A,N/A,N/A,N/A,N/A,N/A,N/A,N/A,5.11
68,,2.6,Phd,,N/A,1,1,1,4,N/A,N/A,N/A,N/A,N/A,N/A,N/A,N/A,N/A,2.78
69,,3.6,Bachelors,,F,1,1,0,0,N/A,N/A,N/A,N/A,N/A,N/A,N/A,N/A,N/A,4.58
70,,2.4,Phd,,F,1,0,N/A,3,N/A,N/A,N/A,N/A,N/A,N/A,N/A,N/A,N/A,1.71
71,,3.2,Bachelors,,F,0,0,0,0,N/A,N/A,N/A,N/A,N/A,N/A,N/A,N/A,N/A,5.21
72,,3.9,Phd,,M,1,0,N/A,1,N/A,N/A,N/A,N/A,N/A,N/A,N/A,N/A,N/A,8.03
73,,2.4,Bachelors,,N/A,1,1,0,3,N/A,N/A,N/A,N/A,N/A,N/A,N/A,N/A,N/A,6.55
74,,2.6,Masters,,F,N/A,1,1,2,N/A,N/A,N/A,N/A,N/A,N/A,N/A,N/A,N/A,5.56
75,,2.2,Phd,,M,1,1,N/A,1,N/A,N/A,N/A,N/A,N/A,N/A,N/A,N/A,N/A,8.7
76,,3.4,Masters,,M,1,1,N/A,1,N/A,N/A,N/A,N/A,N/A,N/A,N/A,N/A,N/A,7.29
77,,4.0,Phd,,N/A,N/A,0,N/A,2,N/A,N/A,N/A,N/A,N/A,N/A,N/A,N/A,N/A,9.93
78,,2.5,Masters,,N/A,1,0,0,0,N/A,N/A,N/A,N/A,N/A,N/A,N/A,N/A,N/A,7.31
79,,3.2,Masters,,M,1,1,1,0,N/A,N/A,N/A,N/A,N/A,N/A,N/A,N/A,N/A,4.14
80,,2.5,Bachelors,,N/A,0,0,0,0,N/A,N/A,N/A,N/A,N/A,N/A,N/A,N/A,N/A,7.52
81,,3.4,Bachelors,,F,1,1,0,1,N/A,N/A,N/A,N/A,N/A,N/A,N/A,N/A,N/A,5.7
82,,2.9,Phd,,N/A,0,0,N/A,2,N/A,N/A,N/A,N/A,N/A,N/A,N/A,N/A,N/A,6.93
83,,2.1,Bachelors,,F,1,1,0,0,N/A,N/A,N/A,N/A,N/A,N/A,N/A,N/A,N/A,5.1
84,,3.7,Masters,,F,0,1,1,0,N/A,N/A,N/A,N/A,N/A,N/A,N/A,N/A,N/A,8.58
85,,2.9,Bachelors,,M,N/A,0,0,3,N/A,N/A,N/A,N/A,N/A,N/A,N/A,N/A,N/A,4.74
86,,3.2,Masters,,F,N/A,0,1,1,N/A,N/A,N/A,N/A,N/A,N/A,N/A,N/A,N/A,7.69
87,,3.4,Phd,,F,N/A,0,1,3,N/A,N/A,N/A,N/A,N/A,N/A,N/A,N/A,N/A,4.95
88,,3.9,Bachelors,,F,0,0,0,3,N/A,N/A,N/A,N/A,N/A,N/A,N/A,N/A,N/A,0.72
89,,3.7,Phd,,F,1,1,1,2,N/A,N/A,N/A,N/A,N/A,N/A,N/A,N/A,N/A,5.19
90,,2.4,Bachelors,,F,1,0,0,1,N/A,N/A,N/A,N/A,N/A,N/A,N/A,N/A,N/A,7.22
91,,2.0,Masters,,N/A,0,0,1,0,N/A,N/A,N/A,N/A,N/A,N/A,N/A,N/A,N/A,6.7
92,,3.5,Bachelors,,M,N/A,1,N/A,0,N/A,N/A,N/A,N/A,N/A,N/A,N/A,N/A,N/A,6.18
93,,3.0,Masters,,N/A,0,0,1,0,N/A,N/A,N/A,N/A,N/A,N/A,N/A,N/A,N/A,5.05
94,,3.9,Phd,,F,N/A,1,N/A,0,N/A,N/A,N/A,N/A,N/A,N/A,N/A,N/A,N/A,3.23
95,,3.6,Bachelors,,F,1,1,0,0,N/A,N/A,N/A,N/A,N/A,N/A,N/A,N/A,N/A,9.09
96,,3.2,Phd,,F,1,1,1,2,N/A,N/A,N/A,N/A,N/A,N/A,N/A,N/A,N/A,6.74
97,,2.7,Phd,,F,0,0,1,0,N/A,N/A,N/A,N/A,N/A,N/A,N/A,N/A,N/A,3.26
98,,2.6,Masters,,N/A,N/A,1,0,2,N/A,N/A,N/A,N/A,N/A,N/A,N/A,N/A,N/A,4.26
99,,3.7,Masters,,N/A,0,1,0,0,N/A,N/A,N/A,N/A,N/A,N/A,N/A,N/A,N/A,0.85
100,,3.2,Masters,,F,1,1,1,1,N/A,N/A,N/A,N/A,N/A,N/A,N/A,N/A,N/A,2.28
101,,2.8,Bachelors,,N/A,1,1,N/A,3,N/A,N/A,N/A,N/A,N/A,N/A,N/A,N/A,N/A,3.24
102,,2.4,Phd,,F,N/A,1,0,0,N/A,N/A,N/A,N/A,N/A,N/A,N/A,N/A,N/A,0.56
103,,3.6,Masters,,M,N/A,0,0,4,N/A,N/A,N/A,N/A,N/A,N/A,N/A,N/A,N/A,6.36
104,,2.5,Masters,,M,N/A,0,1,2,N/A,N/A,N/A,N/A,N/A,N/A,N/A,N/A,N/A,5.36
105,,2.9,Bachelors,,M,0,1,0,4,N/A,N/A,N/A,N/A,N/A,N/A,N/A,N/A,N/A,4.33
106,,2.3,Bachelors,,N/A,N/A,0,N/A,3,N/A,N/A,N/A,N/A,N/A,N/A,N/A,N/A,N/A,1.84
107,,3.6,Masters,,M,0,0,N/A,1,N/A,N/A,N/A,N/A,N/A,N/A,N/A,N/A,N/A,9.62
108,,2.3,Bachelors,,F,1,0,N/A,2,N/A,N/A,N/A,N/A,N/A,N/A,N/A,N/A,N/A,9.98
109,,2.7,Masters,,F,1,0,0,2,N/A,N/A,N/A,N/A,N/A,N/A,N/A,N/A,N/A,5.83
110,,2.0,Masters,,F,1,0,1,1,N/A,N/A,N/A,N/A,N/A,N/A,N/A,N/A,N/A,9.48
111,,2.3,Masters,,N/A,1,0,0,2,N/A,N/A,N/A,N/A,N/A,N/A,N/A,N/A,N/A,6.34
112,,2.8,Masters,,N/A,0,1,N/A,2,N/A,N/A,N/A,N/A,N/A,N/A,N/A,N/A,N/A,1.6
113,,2.7,Bachelors,,M,1,0,0,1,N/A,N/A,N/A,N/A,N/A,N/A,N/A,N/A,N/A,6.23
114,,2.6,Masters,,N/A,1,0,N/A,1,N/A,N/A,N/A,N/A,N/A,N/A,N/A,N/A,N/A,0.37
115,,3.8,Masters,,N/A,0,1,1,3,N/A,N/A,N/A,N/A,N/A,N/A,N/A,N/A,N/A,8.8
116,,2.1,Bachelors,,F,N/A,1,0,0,N/A,N/A,N/A,N/A,N/A,N/A,N/A,N/A,N/A,6.37
117,,3.4,Phd,,F,1,1,N/A,2,N/A,N/A,N/A,N/A,N/A,N/A,N/A,N/A,N/A,5.91
118,,3.9,Phd,,F,N/A,0,1,2,N/A,N/A,N/A,N/A,N/A,N/A,N/A,N/A,N/A,1.73
119,,3.9,Bachelors,,F,0,0,0,1,N/A,N/A,N/A,N/A,N/A,N/A,N/A,N/A,N/A,5.37
120,,3.7,Phd,,F,N/A,1,0,3,N/A,N/A,N/A,N/A,N/A,N/A,N/A,N/A,N/A,6.51
121,,3.6,Bachelors,,F,N/A,0,1,4,N/A,N/A,N/A,N/A,N/A,N/A,N/A,N/A,N/A,9.28
122,,3.4,Masters,,M,N/A,0,N/A,1,N/A,N/A,N/A,N/A,N/A,N/A,N/A,N/A,N/A,5.42
123,,3.7,Masters,,F,1,0,1,2,N/A,N/A,N/A,N/A,N/A,N/A,N/A,N/A,N/A,7.55
124,,3.4,Masters,,N/A,1,1,N/A,0,N/A,N/A,N/A,N/A,N/A,N/A,N/A,N/A,N/A,2.69
125,,3.1,Masters,,M,N/A,0,N/A,3,N/A,N/A,N/A,N/A,N/A,N/A,N/A,N/A,N/A,6.51
126,,3.0,Masters,,F,0,0,1,3,N/A,N/A,N/A,N/A,N/A,N/A,N/A,N/A,N/A,7.31
127,,3.7,Phd,,N/A,0,0,0,0,N/A,N/A,N/A,N/A,N/A,N/A,N/A,N/A,N/A,7.67
128,,3.8,Masters,,M,1,1,1,3,N/A,N/A,N/A,N/A,N/A,N/A,N/A,N/A,N/A,2.95
129,,2.4,Bachelors,,M,0,0,1,3,N/A,N/A,N/A,N/A,N/A,N/A,N/A,N/A,N/A,0.38
130,,3.9,Phd,,N/A,0,1,N/A,2,N/A,N/A,N/A,N/A,N/A,N/A,N/A,N/A,N/A,8.3
131,,3.6,Masters,,F,0,1,1,1,N/A,N/A,N/A,N/A,N/A,N/A,N/A,N/A,N/A,9.63
132,,3.8,Bachelors,,F,0,0,1,0,N/A,N/A,N/A,N/A,N/A,N/A,N/A,N/A,N/A,3.49
133,,2.5,Masters,,M,1,0,0,4,N/A,N/A,N/A,N/A,N/A,N/A,N/A,N/A,N/A,5.82
134,,3.2,Masters,,F,N/A,1,1,3,N/A,N/A,N/A,N/A,N/A,N/A,N/A,N/A,N/A,0.35
135,,3.1,Bachelors,,M,1,0,N/A,0,N/A,N/A,N/A,N/A,N/A,N/A,N/A,N/A,N/A,9.61
136,,2.6,Phd,,F,N/A,0,N/A,1,N/A,N/A,N/A,N/A,N/A,N/A,N/A,N/A,N/A,3.46
137,,3.3,Bachelors,,F,N/A,0,N/A,2,N/A,N/A,N/A,N/A,N/A,N/A,N/A,N/A,N/A,9.1
138,,2.5,Masters,,F,1,1,1,2,N/A,N/A,N/A,N/A,N/A,N/A,N/A,N/A,N/A,6.59
139,,3.8,Phd,,F,1,0,N/A,3,N/A,N/A,N/A,N/A,N/A,N/A,N/A,N/A,N/A,7.72
140,,2.4,Phd,,N/A,0,0,0,1,N/A,N/A,N/A,N/A,N/A,N/A,N/A,N/A,N/A,5.41
141,,3.3,Phd,,N/A,1,1,1,1,N/A,N/A,N/A,N/A,N/A,N/A,N/A,N/A,N/A,3.64
142,,2.5,Bachelors,,N/A,0,1,N/A,2,N/A,N/A,N/A,N/A,N/A,N/A,N/A,N/A,N/A,9.7
143,,3.6,Masters,,N/A,N/A,0,1,0,N/A,N/A,N/A,N/A,N/A,N/A,N/A,N/A,N/A,2.72
144,,4.0,Bachelors,,N/A,1,1,N/A,3,N/A,N/A,N/A,N/A,N/A,N/A,N/A,N/A,N/A,2.08
145,,4.0,Bachelors,,M,N/A,0,N/A,1,N/A,N/A,N/A,N/A,N/A,N/A,N/A,N/A,N/A,6.49
146,,2.2,Masters,,F,N/A,0,N/A,3,N/A,N/A,N/A,N/A,N/A,N/A,N/A,N/A,N/A,0.14
147,,3.0,Masters,,M,N/A,1,1,4,N/A,N/A,N/A,N/A,N/A,N/A,N/A,N/A,N/A,3.79
148,,2.9,Masters,,F,1,1,0,4,N/A,N/A,N/A,N/A,N/A,N/A,N/A,N/A,N/A,4.38
149,,3.7,Masters,,M,0,0,N/A,4,N/A,N/A,N/A,N/A,N/A,N/A,N/A,N/A,N/A,8.13
150,,2.8,Phd,,N/A,0,0,1,3,N/A,N/A,N/A,N/A,N/A,N/A,N/A,N/A,N/A,9.77
151,,2.5,Phd,,N/A,N/A,0,1,4,N/A,N/A,N/A,N/A,N/A,N/A,N/A,N/A,N/A,4.96
152,,3.7,Phd,,F,0,1,N/A,3,N/A,N/A,N/A,N/A,N/A,N/A,N/A,N/A,N/A,5.4
153,,3.2,Phd,,F,1,1,0,2,N/A,N/A,N/A,N/A,N/A,N/A,N/A,N/A,N/A,3.22
154,,3.6,Masters,,M,N/A,0,N/A,3,N/A,N/A,N/A,N/A,N/A,N/A,N/A,N/A,N/A,9.95
155,,2.7,Bachelors,,F,N/A,0,N/A,0,N/A,N/A,N/A,N/A,N/A,N/A,N/A,N/A,N/A,1.78
156,,2.5,Phd,,F,N/A,1,1,1,N/A,N/A,N/A,N/A,N/A,N/A,N/A,N/A,N/A,3.25
157,,2.9,Masters,,M,N/A,0,1,3,N/A,N/A,N/A,N/A,N/A,N/A,N/A,N/A,N/A,9.76
158,,3.6,Bachelors,,F,N/A,1,0,4,N/A,N/A,N/A,N/A,N/A,N/A,N/A,N/A,N/A,5.04
159,,3.5,Bachelors,,N/A,0,0,N/A,0,N/A,N/A,N/A,N/A,N/A,N/A,N/A,N/A,N/A,3.98
160,,2.4,Phd,,M,N/A,1,0,3,N/A,N/A,N/A,N/A,N/A,N/A,N/A,N/A,N/A,3.82
161,,2.4,Bachelors,,F,0,0,N/A,3,N/A,N/A,N/A,N/A,N/A,N/A,N/A,N/A,N/A,7.58
162,,2.4,Bachelors,,M,0,0,1,0,N/A,N/A,N/A,N/A,N/A,N/A,N/A,N/A,N/A,0.82
163,,4.0,Bachelors,,M,1,1,0,1,N/A,N/A,N/A,N/A,N/A,N/A,N/A,N/A,N/A,3.13
164,,2.4,Phd,,M,1,1,1,3,N/A,N/A,N/A,N/A,N/A,N/A,N/A,N/A,N/A,2.45
165,,3.6,Phd,,F,0,0,0,2,N/A,N/A,N/A,N/A,N/A,N/A,N/A,N/A,N/A,2.53
166,,3.5,Bachelors,,N/A,N/A,0,N/A,1,N/A,N/A,N/A,N/A,N/A,N/A,N/A,N/A,N/A,3.87
167,,3.5,Masters,,F,1,1,0,1,N/A,N/A,N/A,N/A,N/A,N/A,N/A,N/A,N/A,8.62
168,,3.4,Bachelors,,N/A,N/A,0,1,0,N/A,N/A,N/A,N/A,N/A,N/A,N/A,N/A,N/A,4.57
169,,3.1,Masters,,F,N/A,1,1,2,N/A,N/A,N/A,N/A,N/A,N/A,N/A,N/A,N/A,2.65
170,,3.6,Masters,,F,0,0,N/A,4,N/A,N/A,N/A,N/A,N/A,N/A,N/A,N/A,N/A,9.82
171,,2.0,Masters,,M,N/A,0,1,3,N/A,N/A,N/A,N/A,N/A,N/A,N/A,N/A,N/A,6.02
172,,2.5,Masters,,N/A,1,1,N/A,2,N/A,N/A,N/A,N/A,N/A,N/A,N/A,N/A,N/A,7.57
173,,2.4,Phd,,M,N/A,0,1,0,N/A,N/A,N/A,N/A,N/A,N/A,N/A,N/A,N/A,8.09
174,,3.2,Masters,,N/A,N/A,1,0,4,N/A,N/A,N/A,N/A,N/A,N/A,N/A,N/A,N/A,3.99
175,,2.9,Masters,,F,N/A,1,0,3,N/A,N/A,N/A,N/A,N/A,N/A,N/A,N/A,N/A,0.7
176,,3.7,Masters,,F,1,0,N/A,3,N/A,N/A,N/A,N/A,N/A,N/A,N/A,N/A,N/A,2.62
177,,3.5,Bachelors,,M,0,1,N/A,1,N/A,N/A,N/A,N/A,N/A,N/A,N/A,N/A,N/A,6.24
178,,3.2,Phd,,M,N/A,0,N/A,0,N/A,N/A,N/A,N/A,N/A,N/A,N/A,N/A,N/A,9.53
179,,3.1,Masters,,M,N/A,0,N/A,0,N/A,N/A,N/A,N/A,N/A,N/A,N/A,N/A,N/A,2.52
180,,2.2,Phd,,N/A,N/A,0,N/A,3,N/A,N/A,N/A,N/A,N/A,N/A,N/A,N/A,N/A,6.78
181,,2.5,Phd,,N/A,1,1,1,3,N/A,N/A,N/A,N/A,N/A,N/A,N/A,N/A,N/A,5.39
182,,2.2,Bachelors,,N/A,1,0,0,2,N/A,N/A,N/A,N/A,N/A,N/A,N/A,N/A,N/A,9.2
183,,2.9,Bachelors,,F,N/A,0,0,4,N/A,N/A,N/A,N/A,N/A,N/A,N/A,N/A,N/A,1.83
184,,3.8,Phd,,M,0,1,0,4,N/A,N/A,N/A,N/A,N/A,N/A,N/A,N/A,N/A,4.09
185,,2.0,Masters,,M,N/A,1,N/A,3,N/A,N/A,N/A,N/A,N/A,N/A,N/A,N/A,N/A,2.05
186,,2.7,Phd,,M,0,0,N/A,0,N/A,N/A,N/A,N/A,N/A,N/A,N/A,N/A,N/A,4.1
187,,2.7,Bachelors,,M,1,0,1,1,N/A,N/A,N/A,N/A,N/A,N/A,N/A,N/A,N/A,8.7
188,,3.8,Bachelors,,N/A,N/A,1,N/A,4,N/A,N/A,N/A,N/A,N/A,N/A,N/A,N/A,N/A,2.96
189,,2.3,Bachelors,,N/A,0,0,1,0,N/A,N/A,N/A,N/A,N/A,N/A,N/A,N/A,N/A,8.62
190,,2.6,Bachelors,,F,1,1,N/A,3,N/A,N/A,N/A,N/A,N/A,N/A,N/A,N/A,N/A,6.23
191,,2.7,Masters,,F,N/A,0,1,2,N/A,N/A,N/A,N/A,N/A,N/A,N/A,N/A,N/A,5.07
192,,2.1,Bachelors,,N/A,1,1,0,4,N/A,N/A,N/A,N/A,N/A,N/A,N/A,N/A,N/A,3.16
193,,3.8,Masters,,M,1,1,1,1,N/A,N/A,N/A,N/A,N/A,N/A,N/A,N/A,N/A,9.3
194,,2.0,Masters,,N/A,1,1,N/A,2,N/A,N/A,N/A,N/A,N/A,N/A,N/A,N/A,N/A,3.75
195,,2.5,Phd,,M,N/A,1,1,2,N/A,N/A,N/A,N/A,N/A,N/A,N/A,N/A,N/A,3.45
196,,3.3,Masters,,M,N/A,1,1,4,N/A,N/A,N/A,N/A,N/A,N/A,N/A,N/A,N/A,1.26
197,,2.9,Masters,,F,0,1,1,0,N/A,N/A,N/A,N/A,N/A,N/A,N/A,N/A,N/A,9.57
198,,3.5,Phd,,M,N/A,0,0,2,N/A,N/A,N/A,N/A,N/A,N/A,N/A,N/A,N/A,2.54
199,,3.9,Masters,,M,N/A,1,1,2,N/A,N/A,N/A,N/A,N/A,N/A,N/A,N/A,N/A,7.69
200,,3.7,Masters,,F,0,1,0,2,N/A,N/A,N/A,N/A,N/A,N/A,N/A,N/A,N/A,0.28
201,,2.4,Bachelors,,F,0,0,N/A,0,N/A,N/A,N/A,N/A,N/A,N/A,N/A,N/A,N/A,3.45
202,,2.7,Phd,,M,0,0,N/A,4,N/A,N/A,N/A,N/A,N/A,N/A,N/A,N/A,N/A,7.7
203,,3.3,Phd,,N/A,0,1,N/A,3,N/A,N/A,N/A,N/A,N/A,N/A,N/A,N/A,N/A,6.74
204,,2.7,Masters,,N/A,0,1,N/A,0,N/A,N/A,N/A,N/A,N/A,N/A,N/A,N/A,N/A,7.65
205,,2.4,Phd,,N/A,0,0,1,1,N/A,N/A,N/A,N/A,N/A,N/A,N/A,N/A,N/A,7.15
206,,2.8,Masters,,F,N/A,0,1,0,N/A,N/A,N/A,N/A,N/A,N/A,N/A,N/A,N/A,2.59
207,,2.1,Phd,,M,N/A,1,1,0,N/A,N/A,N/A,N/A,N/A,N/A,N/A,N/A,N/A,0.83
208,,2.0,Bachelors,,N/A,N/A,0,0,4,N/A,N/A,N/A,N/A,N/A,N/A,N/A,N/A,N/A,0.64
209,,3.7,Masters,,N/A,0,1,N/A,1,N/A,N/A,N/A,N/A,N/A,N/A,N/A,N/A,N/A,0.93
210,,2.9,Masters,,N/A,N/A,1,N/A,1,N/A,N/A,N/A,N/A,N/A,N/A,N/A,N/A,N/A,4.34
211,,3.6,Masters,,F,1,0,N/A,3,N/A,N/A,N/A,N/A,N/A,N/A,N/A,N/A,N/A,5.66
212,,2.2,Bachelors,,N/A,0,1,N/A,1,N/A,N/A,N/A,N/A,N/A,N/A,N/A,N/A,N/A,6.07
213,,2.8,Masters,,F,N/A,1,N/A,1,N/A,N/A,N/A,N/A,N/A,N/A,N/A,N/A,N/A,2.52
214,,2.0,Masters,,F,0,0,0,4,N/A,N/A,N/A,N/A,N/A,N/A,N/A,N/A,N/A,4.48
215,,3.0,Masters,,F,1,1,N/A,0,N/A,N/A,N/A,N/A,N/A,N/A,N/A,N/A,N/A,0.45
216,,2.1,Bachelors,,F,0,0,N/A,4,N/A,N/A,N/A,N/A,N/A,N/A,N/A,N/A,N/A,9.33
217,,2.0,Masters,,F,N/A,1,0,4,N/A,N/A,N/A,N/A,N/A,N/A,N/A,N/A,N/A,2.26
218,,3.1,Masters,,N/A,1,1,1,2,N/A,N/A,N/A,N/A,N/A,N/A,N/A,N/A,N/A,8.33
219,,3.3,Masters,,M,0,0,N/A,0,N/A,N/A,N/A,N/A,N/A,N/A,N/A,N/A,N/A,4.65
220,,3.3,Bachelors,,F,N/A,0,1,2,N/A,N/A,N/A,N/A,N/A,N/A,N/A,N/A,N/A,1.29
221,,2.2,Bachelors,,N/A,N/A,1,0,3,N/A,N/A,N/A,N/A,N/A,N/A,N/A,N/A,N/A,1.48
222,,3.3,Phd,,M,0,1,0,1,N/A,N/A,N/A,N/A,N/A,N/A,N/A,N/A,N/A,6.09
223,,3.9,Phd,,M,1,0,0,1,N/A,N/A,N/A,N/A,N/A,N/A,N/A,N/A,N/A,6.28
224,,2.8,Masters,,M,1,0,0,2,N/A,N/A,N/A,N/A,N/A,N/A,N/A,N/A,N/A,3.41
225,,4.0,Phd,,N/A,0,1,0,3,N/A,N/A,N/A,N/A,N/A,N/A,N/A,N/A,N/A,8.83
226,,2.4,Phd,,M,1,1,1,4,N/A,N/A,N/A,N/A,N/A,N/A,N/A,N/A,N/A,5.7
227,,3.3,Phd,,M,N/A,0,0,1,N/A,N/A,N/A,N/A,N/A,N/A,N/A,N/A,N/A,9.57
228,,3.9,Bachelors,,M,1,1,0,1,N/A,N/A,N/A,N/A,N/A,N/A,N/A,N/A,N/A,5.9
229,,3.7,Bachelors,,F,0,1,N/A,4,N/A,N/A,N/A,N/A,N/A,N/A,N/A,N/A,N/A,1.66
230,,3.0,Phd,,M,0,0,N/A,2,N/A,N/A,N/A,N/A,N/A,N/A,N/A,N/A,N/A,2.67
231,,3.8,Bachelors,,M,N/A,0,1,3,N/A,N/A,N/A,N/A,N/A,N/A,N/A,N/A,N/A,2.68
232,,3.1,Bachelors,,N/A,N/A,1,0,1,N/A,N/A,N/A,N/A,N/A,N/A,N/A,N/A,N/A,3.27
233,,2.6,Masters,,N/A,0,1,1,1,N/A,N/A,N/A,N/A,N/A,N/A,N/A,N/A,N/A,3.16
234,,2.5,Phd,,F,0,0,N/A,0,N/A,N/A,N/A,N/A,N/A,N/A,N/A,N/A,N/A,2.22
235,,3.1,Phd,,M,1,1,0,0,N/A,N/A,N/A,N/A,N/A,N/A,N/A,N/A,N/A,1.39
236,,4.0,Masters,,M,N/A,0,N/A,4,N/A,N/A,N/A,N/A,N/A,N/A,N/A,N/A,N/A,5.57
237,,4.0,Phd,,F,1,0,0,4,N/A,N/A,N/A,N/A,N/A,N/A,N/A,N/A,N/A,6.48
238,,2.2,Bachelors,,F,0,1,N/A,2,N/A,N/A,N/A,N/A,N/A,N/A,N/A,N/A,N/A,2.65
239,,3.7,Masters,,M,0,1,N/A,0,N/A,N/A,N/A,N/A,N/A,N/A,N/A,N/A,N/A,9.48
240,,3.2,Phd,,F,0,1,N/A,3,N/A,N/A,N/A,N/A,N/A,N/A,N/A,N/A,N/A,2.09
241,,3.3,Phd,,F,0,0,0,2,N/A,N/A,N/A,N/A,N/A,N/A,N/A,N/A,N/A,8.48
242,,3.4,Masters,,N/A,1,1,0,1,N/A,N/A,N/A,N/A,N/A,N/A,N/A,N/A,N/A,5.22
243,,2.5,Bachelors,,F,1,1,1,2,N/A,N/A,N/A,N/A,N/A,N/A,N/A,N/A,N/A,0.03
244,,3.9,Bachelors,,N/A,N/A,1,N/A,2,N/A,N/A,N/A,N/A,N/A,N/A,N/A,N/A,N/A,5.97
245,,2.5,Bachelors,,N/A,1,0,1,3,N/A,N/A,N/A,N/A,N/A,N/A,N/A,N/A,N/A,8.44
246,,2.9,Phd,,N/A,N/A,0,N/A,3,N/A,N/A,N/A,N/A,N/A,N/A,N/A,N/A,N/A,4.87
247,,2.1,Phd,,F,0,1,0,3,N/A,N/A,N/A,N/A,N/A,N/A,N/A,N/A,N/A,5.92
248,,3.3,Phd,,M,1,1,1,3,N/A,N/A,N/A,N/A,N/A,N/A,N/A,N/A,N/A,0.6
249,,2.4,Masters,,N/A,1,0,1,4,N/A,N/A,N/A,N/A,N/A,N/A,N/A,N/A,N/A,5.33
250,,3.0,Bachelors,,F,N/A,0,N/A,0,N/A,N/A,N/A,N/A,N/A,N/A,N/A,N/A,N/A,7.27
251,,3.9,Masters,,F,1,1,1,4,N/A,N/A,N/A,N/A,N/A,N/A,N/A,N/A,N/A,0.3
252,,2.7,Bachelors,,M,0,1,1,3,N/A,N/A,N/A,N/A,N/A,N/A,N/A,N/A,N/A,5.88
253,,2.2,Phd,,M,0,0,1,2,N/A,N/A,N/A,N/A,N/A,N/A,N/A,N/A,N/A,9.98
254,,3.4,Phd,,F,N/A,0,N/A,4,N/A,N/A,N/A,N/A,N/A,N/A,N/A,N/A,N/A,9.72
255,,3.0,Bachelors,,M,N/A,0,N/A,2,N/A,N/A,N/A,N/A,N/A,N/A,N/A,N/A,N/A,2.64
256,,3.6,Phd,,N/A,N/A,0,0,4,N/A,N/A,N/A,N/A,N/A,N/A,N/A,N/A,N/A,6.21
257,,2.3,Bachelors,,N/A,0,0,0,0,N/A,N/A,N/A,N/A,N/A,N/A,N/A,N/A,N/A,3.28
258,,4.0,Bachelors,,N/A,1,0,0,4,N/A,N/A,N/A,N/A,N/A,N/A,N/A,N/A,N/A,5.12
259,,4.0,Phd,,F,0,0,N/A,3,N/A,N/A,N/A,N/A,N/A,N/A,N/A,N/A,N/A,7.72
260,,4.0,Phd,,N/A,1,1,0,1,N/A,N/A,N/A,N/A,N/A,N/A,N/A,N/A,N/A,3.82
261,,3.4,Phd,,F,1,0,N/A,4,N/A,N/A,N/A,N/A,N/A,N/A,N/A,N/A,N/A,0.62
262,,2.9,Phd,,N/A,1,1,1,2,N/A,N/A,N/A,N/A,N/A,N/A,N/A,N/A,N/A,7.92
263,,2.0,Masters,,N/A,N/A,0,0,3,N/A,N/A,N/A,N/A,N/A,N/A,N/A,N/A,N/A,8.15
264,,3.0,Bachelors,,N/A,N/A,0,1,3,N/A,N/A,N/A,N/A,N/A,N/A,N/A,N/A,N/A,3.02
265,,3.7,Phd,,F,1,0,1,0,N/A,N/A,N/A,N/A,N/A,N/A,N/A,N/A,N/A,2.66
266,,2.9,Bachelors,,M,1,0,0,0,N/A,N/A,N/A,N/A,N/A,N/A,N/A,N/A,N/A,6.29
267,,3.8,Phd,,N/A,0,1,0,3,N/A,N/A,N/A,N/A,N/A,N/A,N/A,N/A,N/A,3.25
268,,2.2,Masters,,M,0,0,N/A,3,N/A,N/A,N/A,N/A,N/A,N/A,N/A,N/A,N/A,1.2
269,,2.0,Bachelors,,M,0,0,N/A,1,N/A,N/A,N/A,N/A,N/A,N/A,N/A,N/A,N/A,7.28
270,,2.2,Masters,,F,0,1,N/A,4,N/A,N/A,N/A,N/A,N/A,N/A,N/A,N/A,N/A,0.64
271,,2.4,Phd,,N/A,N/A,1,N/A,3,N/A,N/A,N/A,N/A,N/A,N/A,N/A,N/A,N/A,2.48
272,,2.2,Masters,,F,1,1,N/A,0,N/A,N/A,N/A,N/A,N/A,N/A,N/A,N/A,N/A,5.92
273,,2.0,Masters,,F,0,1,N/A,0,N/A,N/A,N/A,N/A,N/A,N/A,N/A,N/A,N/A,9.47
274,,3.9,Bachelors,,F,N/A,0,1,4,N/A,N/A,N/A,N/A,N/A,N/A,N/A,N/A,N/A,2.87
275,,3.3,Masters,,F,1,1,0,3,N/A,N/A,N/A,N/A,N/A,N/A,N/A,N/A,N/A,3.59
276,,2.8,Masters,,M,1,1,N/A,0,N/A,N/A,N/A,N/A,N/A,N/A,N/A,N/A,N/A,3.12
277,,2.3,Phd,,N/A,0,0,1,2,N/A,N/A,N/A,N/A,N/A,N/A,N/A,N/A,N/A,2.81
278,,3.8,Bachelors,,F,N/A,1,N/A,4,N/A,N/A,N/A,N/A,N/A,N/A,N/A,N/A,N/A,9.63
279,,3.3,Bachelors,,M,N/A,0,0,4,N/A,N/A,N/A,N/A,N/A,N/A,N/A,N/A,N/A,2.81
280,,3.1,Masters,,F,N/A,0,N/A,4,N/A,N/A,N/A,N/A,N/A,N/A,N/A,N/A,N/A,1.88
281,,2.2,Phd,,M,N/A,0,0,4,N/A,N/A,N/A,N/A,N/A,N/A,N/A,N/A,N/A,3.96
282,,3.2,Masters,,F,1,1,N/A,2,N/A,N/A,N/A,N/A,N/A,N/A,N/A,N/A,N/A,0.22
283,,2.4,Bachelors,,F,0,0,1,2,N/A,N/A,N/A,N/A,N/A,N/A,N/A,N/A,N/A,8.97
284,,3.7,Phd,,M,1,0,0,2,N/A,N/A,N/A,N/A,N/A,N/A,N/A,N/A,N/A,5.43
285,,3.5,Bachelors,,M,N/A,0,0,1,N/A,N/A,N/A,N/A,N/A,N/A,N/A,N/A,N/A,4.14
286,,3.7,Bachelors,,N/A,1,1,0,3,N/A,N/A,N/A,N/A,N/A,N/A,N/A,N/A,N/A,9.61
287,,3.0,Bachelors,,M,N/A,1,1,2,N/A,N/A,N/A,N/A,N/A,N/A,N/A,N/A,N/A,4.18
288,,2.3,Phd,,F,0,1,N/A,3,N/A,N/A,N/A,N/A,N/A,N/A,N/A,N/A,N/A,4.32
289,,4.0,Masters,,M,N/A,1,0,0,N/A,N/A,N/A,N/A,N/A,N/A,N/A,N/A,N/A,6.38
290,,2.4,Phd,,N/A,N/A,1,0,3,N/A,N/A,N/A,N/A,N/A,N/A,N/A,N/A,N/A,8.08
291,,3.5,Phd,,N/A,0,1,N/A,2,N/A,N/A,N/A,N/A,N/A,N/A,N/A,N/A,N/A,6.14
292,,3.2,Phd,,M,N/A,1,0,3,N/A,N/A,N/A,N/A,N/A,N/A,N/A,N/A,N/A,9.79
293,,2.4,Phd,,F,N/A,0,0,3,N/A,N/A,N/A,N/A,N/A,N/A,N/A,N/A,N/A,8.14
294,,3.0,Masters,,F,1,1,1,2,N/A,N/A,N/A,N/A,N/A,N/A,N/A,N/A,N/A,7.27
295,,3.3,Bachelors,,F,0,0,1,2,N/A,N/A,N/A,N/A,N/A,N/A,N/A,N/A,N/A,7.44
296,,3.9,Masters,,M,0,1,0,0,N/A,N/A,N/A,N/A,N/A,N/A,N/A,N/A,N/A,2.78
297,,2.8,Bachelors,,M,N/A,0,0,3,N/A,N/A,N/A,N/A,N/A,N/A,N/A,N/A,N/A,5.87
298,,3.3,Masters,,N/A,N/A,1,N/A,3,N/A,N/A,N/A,N/A,N/A,N/A,N/A,N/A,N/A,4.82
299,,3.7,Phd,,F,1,0,1,0,N/A,N/A,N/A,N/A,N/A,N/A,N/A,N/A,N/A,9.92
300,,2.3,Phd,,F,0,1,1,4,N/A,N/A,N/A,N/A,N/A,N/A,N/A,N/A,N/A,4.67
301,,2.4,Masters,,M,N/A,0,N/A,0,N/A,N/A,N/A,N/A,N/A,N/A,N/A,N/A,N/A,6.69
302,,2.4,Masters,,N/A,1,0,0,4,N/A,N/A,N/A,N/A,N/A,N/A,N/A,N/A,N/A,7.69
303,,2.1,Bachelors,,N/A,N/A,1,0,4,N/A,N/A,N/A,N/A,N/A,N/A,N/A,N/A,N/A,6.78
304,,2.9,Masters,,N/A,0,1,0,4,N/A,N/A,N/A,N/A,N/A,N/A,N/A,N/A,N/A,0.58
305,,2.2,Bachelors,,N/A,1,0,N/A,2,N/A,N/A,N/A,N/A,N/A,N/A,N/A,N/A,N/A,3.41
306,,3.5,Bachelors,,M,1,1,1,0,N/A,N/A,N/A,N/A,N/A,N/A,N/A,N/A,N/A,6.19
307,,3.4,Phd,,M,N/A,0,0,4,N/A,N/A,N/A,N/A,N/A,N/A,N/A,N/A,N/A,3.43
308,,3.8,Bachelors,,M,N/A,0,0,3,N/A,N/A,N/A,N/A,N/A,N/A,N/A,N/A,N/A,8.9
309,,2.0,Bachelors,,F,0,1,N/A,1,N/A,N/A,N/A,N/A,N/A,N/A,N/A,N/A,N/A,9.1
310,,4.0,Phd,,M,1,1,0,4,N/A,N/A,N/A,N/A,N/A,N/A,N/A,N/A,N/A,0.28
311,,3.2,Masters,,N/A,0,1,1,2,N/A,N/A,N/A,N/A,N/A,N/A,N/A,N/A,N/A,5.11
312,,3.9,Masters,,F,N/A,1,0,4,N/A,N/A,N/A,N/A,N/A,N/A,N/A,N/A,N/A,0.88
313,,2.4,Phd,,F,1,0,N/A,0,N/A,N/A,N/A,N/A,N/A,N/A,N/A,N/A,N/A,5.75
314,,3.0,Phd,,N/A,N/A,1,0,3,N/A,N/A,N/A,N/A,N/A,N/A,N/A,N/A,N/A,9.03
315,,3.4,Phd,,F,0,1,N/A,3,N/A,N/A,N/A,N/A,N/A,N/A,N/A,N/A,N/A,9.43
316,,3.8,Masters,,M,1,0,1,4,N/A,N/A,N/A,N/A,N/A,N/A,N/A,N/A,N/A,5.75
317,,2.6,Masters,,M,0,0,0,2,N/A,N/A,N/A,N/A,N/A,N/A,N/A,N/A,N/A,7.07
318,,3.3,Phd,,F,0,1,N/A,3,N/A,N/A,N/A,N/A,N/A,N/A,N/A,N/A,N/A,3.17
319,,3.2,Phd,,M,1,0,0,4,N/A,N/A,N/A,N/A,N/A,N/A,N/A,N/A,N/A,0.59
320,,2.7,Phd,,N/A,N/A,0,0,3,N/A,N/A,N/A,N/A,N/A,N/A,N/A,N/A,N/A,7.07
321,,3.2,Masters,,F,1,1,N/A,1,N/A,N/A,N/A,N/A,N/A,N/A,N/A,N/A,N/A,5.27
322,,3.3,Phd,,F,N/A,0,1,4,N/A,N/A,N/A,N/A,N/A,N/A,N/A,N/A,N/A,6.24
323,,2.5,Phd,,F,0,0,0,0,N/A,N/A,N/A,N/A,N/A,N/A,N/A,N/A,N/A,6.89
324,,2.2,Phd,,F,N/A,0,N/A,1,N/A,N/A,N/A,N/A,N/A,N/A,N/A,N/A,N/A,0.58
325,,2.5,Bachelors,,M,1,1,N/A,4,N/A,N/A,N/A,N/A,N/A,N/A,N/A,N/A,N/A,1.75
326,,3.8,Masters,,M,0,1,N/A,2,N/A,N/A,N/A,N/A,N/A,N/A,N/A,N/A,N/A,6.06
327,,2.1,Bachelors,,F,N/A,1,0,1,N/A,N/A,N/A,N/A,N/A,N/A,N/A,N/A,N/A,2.44
328,,2.0,Bachelors,,M,0,0,N/A,4,N/A,N/A,N/A,N/A,N/A,N/A,N/A,N/A,N/A,5.64
329,,2.2,Bachelors,,N/A,0,0,N/A,0,N/A,N/A,N/A,N/A,N/A,N/A,N/A,N/A,N/A,2.51
330,,3.1,Masters,,M,0,0,1,2,N/A,N/A,N/A,N/A,N/A,N/A,N/A,N/A,N/A,9.91
331,,3.9,Masters,,M,N/A,0,1,4,N/A,N/A,N/A,N/A,N/A,N/A,N/A,N/A,N/A,4.19
332,,3.9,Phd,,M,N/A,1,1,4,N/A,N/A,N/A,N/A,N/A,N/A,N/A,N/A,N/A,6.02
333,,3.6,Masters,,N/A,0,1,0,1,N/A,N/A,N/A,N/A,N/A,N/A,N/A,N/A,N/A,3.04
334,,3.2,Masters,,N/A,0,0,N/A,1,N/A,N/A,N/A,N/A,N/A,N/A,N/A,N/A,N/A,4.08
335,,2.2,Phd,,N/A,0,0,1,2,N/A,N/A,N/A,N/A,N/A,N/A,N/A,N/A,N/A,7.16
336,,2.5,Phd,,M,0,0,0,3,N/A,N/A,N/A,N/A,N/A,N/A,N/A,N/A,N/A,3.48
337,,4.0,Phd,,M,N/A,1,N/A,3,N/A,N/A,N/A,N/A,N/A,N/A,N/A,N/A,N/A,9.28
338,,3.2,Phd,,N/A,1,1,0,3,N/A,N/A,N/A,N/A,N/A,N/A,N/A,N/A,N/A,2.78
339,,3.9,Phd,,N/A,1,0,0,0,N/A,N/A,N/A,N/A,N/A,N/A,N/A,N/A,N/A,5.64
340,,3.1,Phd,,F,N/A,1,0,1,N/A,N/A,N/A,N/A,N/A,N/A,N/A,N/A,N/A,4.23
341,,3.0,Masters,,N/A,0,1,1,3,N/A,N/A,N/A,N/A,N/A,N/A,N/A,N/A,N/A,1.82
342,,2.9,Bachelors,,F,1,1,1,1,N/A,N/A,N/A,N/A,N/A,N/A,N/A,N/A,N/A,3.5
343,,3.3,Masters,,N/A,0,0,1,3,N/A,N/A,N/A,N/A,N/A,N/A,N/A,N/A,N/A,8.94
344,,2.4,Bachelors,,F,1,1,N/A,3,N/A,N/A,N/A,N/A,N/A,N/A,N/A,N/A,N/A,9.35
345,,3.4,Bachelors,,N/A,0,1,1,2,N/A,N/A,N/A,N/A,N/A,N/A,N/A,N/A,N/A,9.99
346,,3.4,Bachelors,,F,1,0,1,2,N/A,N/A,N/A,N/A,N/A,N/A,N/A,N/A,N/A,4.79
347,,3.8,Phd,,N/A,1,0,1,4,N/A,N/A,N/A,N/A,N/A,N/A,N/A,N/A,N/A,5.48
348,,3.1,Masters,,M,0,1,1,0,N/A,N/A,N/A,N/A,N/A,N/A,N/A,N/A,N/A,7.98
349,,3.7,Phd,,N/A,N/A,0,0,0,N/A,N/A,N/A,N/A,N/A,N/A,N/A,N/A,N/A,1.96
350,,2.0,Masters,,M,N/A,0,0,3,N/A,N/A,N/A,N/A,N/A,N/A,N/A,N/A,N/A,6.05
351,,3.7,Masters,,F,1,0,1,0,N/A,N/A,N/A,N/A,N/A,N/A,N/A,N/A,N/A,2.07
352,,2.6,Masters,,F,1,1,1,1,N/A,N/A,N/A,N/A,N/A,N/A,N/A,N/A,N/A,7.1
353,,3.3,Masters,,M,1,1,1,0,N/A,N/A,N/A,N/A,N/A,N/A,N/A,N/A,N/A,1.68
354,,4.0,Bachelors,,N/A,0,0,N/A,4,N/A,N/A,N/A,N/A,N/A,N/A,N/A,N/A,N/A,2.32
355,,2.6,Bachelors,,N/A,N/A,0,0,3,N/A,N/A,N/A,N/A,N/A,N/A,N/A,N/A,N/A,6.36
356,,3.1,Phd,,M,N/A,0,0,4,N/A,N/A,N/A,N/A,N/A,N/A,N/A,N/A,N/A,4.35
357,,3.6,Bachelors,,M,1,0,N/A,0,N/A,N/A,N/A,N/A,N/A,N/A,N/A,N/A,N/A,9.34
358,,2.0,Masters,,N/A,1,1,N/A,3,N/A,N/A,N/A,N/A,N/A,N/A,N/A,N/A,N/A,0.5
359,,3.0,Phd,,N/A,0,0,N/A,1,N/A,N/A,N/A,N/A,N/A,N/A,N/A,N/A,N/A,4.93
360,,3.6,Phd,,F,1,1,0,4,N/A,N/A,N/A,N/A,N/A,N/A,N/A,N/A,N/A,9.78
361,,3.1,Masters,,F,N/A,1,1,4,N/A,N/A,N/A,N/A,N/A,N/A,N/A,N/A,N/A,0.95
362,,3.6,Phd,,N/A,0,1,N/A,0,N/A,N/A,N/A,N/A,N/A,N/A,N/A,N/A,N/A,4.61
363,,2.1,Phd,,M,1,1,0,1,N/A,N/A,N/A,N/A,N/A,N/A,N/A,N/A,N/A,8.16
364,,2.5,Bachelors,,M,0,1,1,2,N/A,N/A,N/A,N/A,N/A,N/A,N/A,N/A,N/A,3.76
365,,3.8,Bachelors,,N/A,0,1,N/A,1,N/A,N/A,N/A,N/A,N/A,N/A,N/A,N/A,N/A,4.05
366,,3.7,Masters,,N/A,0,1,1,4,N/A,N/A,N/A,N/A,N/A,N/A,N/A,N/A,N/A,5.44
367,,2.8,Phd,,N/A,1,1,1,3,N/A,N/A,N/A,N/A,N/A,N/A,N/A,N/A,N/A,1.52
368,,3.6,Phd,,N/A,0,0,0,0,N/A,N/A,N/A,N/A,N/A,N/A,N/A,N/A,N/A,7.73
369,,3.8,Masters,,N/A,0,1,N/A,0,N/A,N/A,N/A,N/A,N/A,N/A,N/A,N/A,N/A,8.4
370,,3.6,Masters,,N/A,N/A,0,0,4,N/A,N/A,N/A,N/A,N/A,N/A,N/A,N/A,N/A,3.77
371,,2.6,Bachelors,,M,0,0,1,0,N/A,N/A,N/A,N/A,N/A,N/A,N/A,N/A,N/A,1.96
372,,3.5,Bachelors,,N/A,N/A,0,N/A,0,N/A,N/A,N/A,N/A,N/A,N/A,N/A,N/A,N/A,4.84
373,,2.8,Bachelors,,N/A,N/A,0,N/A,4,N/A,N/A,N/A,N/A,N/A,N/A,N/A,N/A,N/A,1.45
374,,3.7,Phd,,F,0,0,0,3,N/A,N/A,N/A,N/A,N/A,N/A,N/A,N/A,N/A,8.17
375,,4.0,Phd,,M,0,0,N/A,2,N/A,N/A,N/A,N/A,N/A,N/A,N/A,N/A,N/A,4.91
376,,3.3,Bachelors,,N/A,1,0,0,1,N/A,N/A,N/A,N/A,N/A,N/A,N/A,N/A,N/A,5.41
377,,3.5,Bachelors,,F,1,0,0,2,N/A,N/A,N/A,N/A,N/A,N/A,N/A,N/A,N/A,2.36
378,,4.0,Phd,,N/A,1,1,N/A,4,N/A,N/A,N/A,N/A,N/A,N/A,N/A,N/A,N/A,5.08
379,,3.9,Phd,,N/A,1,1,N/A,3,N/A,N/A,N/A,N/A,N/A,N/A,N/A,N/A,N/A,9.66
380,,4.0,Bachelors,,N/A,0,0,0,1,N/A,N/A,N/A,N/A,N/A,N/A,N/A,N/A,N/A,4.88
381,,3.8,Phd,,F,0,0,N/A,1,N/A,N/A,N/A,N/A,N/A,N/A,N/A,N/A,N/A,1.97
382,,2.9,Phd,,M,1,0,1,3,N/A,N/A,N/A,N/A,N/A,N/A,N/A,N/A,N/A,5.64
383,,3.6,Phd,,N/A,N/A,1,0,2,N/A,N/A,N/A,N/A,N/A,N/A,N/A,N/A,N/A,8.85
384,,4.0,Bachelors,,N/A,N/A,1,N/A,4,N/A,N/A,N/A,N/A,N/A,N/A,N/A,N/A,N/A,5.64
385,,3.9,Bachelors,,N/A,0,0,0,4,N/A,N/A,N/A,N/A,N/A,N/A,N/A,N/A,N/A,4.0
386,,3.6,Bachelors,,F,0,1,N/A,2,N/A,N/A,N/A,N/A,N/A,N/A,N/A,N/A,N/A,3.09
387,,2.4,Bachelors,,F,N/A,0,1,3,N/A,N/A,N/A,N/A,N/A,N/A,N/A,N/A,N/A,4.74
388,,2.2,Bachelors,,N/A,0,0,N/A,3,N/A,N/A,N/A,N/A,N/A,N/A,N/A,N/A,N/A,1.5
389,,3.2,Masters,,N/A,0,0,0,3,N/A,N/A,N/A,N/A,N/A,N/A,N/A,N/A,N/A,5.29
390,,3.7,Bachelors,,N/A,N/A,1,N/A,2,N/A,N/A,N/A,N/A,N/A,N/A,N/A,N/A,N/A,3.96
391,,2.1,Bachelors,,F,N/A,1,N/A,3,N/A,N/A,N/A,N/A,N/A,N/A,N/A,N/A,N/A,6.27
392,,2.7,Masters,,M,1,1,1,2,N/A,N/A,N/A,N/A,N/A,N/A,N/A,N/A,N/A,0.49
393,,2.4,Bachelors,,F,N/A,0,1,3,N/A,N/A,N/A,N/A,N/A,N/A,N/A,N/A,N/A,1.44
394,,2.8,Phd,,F,0,0,N/A,4,N/A,N/A,N/A,N/A,N/A,N/A,N/A,N/A,N/A,0.94
395,,3.1,Bachelors,,F,0,1,N/A,4,N/A,N/A,N/A,N/A,N/A,N/A,N/A,N/A,N/A,3.71
396,,3.0,Masters,,M,N/A,1,0,4,N/A,N/A,N/A,N/A,N/A,N/A,N/A,N/A,N/A,7.94
397,,3.4,Phd,,M,1,0,N/A,0,N/A,N/A,N/A,N/A,N/A,N/A,N/A,N/A,N/A,3.24
398,,2.1,Masters,,N/A,N/A,0,1,3,N/A,N/A,N/A,N/A,N/A,N/A,N/A,N/A,N/A,4.25
399,,3.3,Masters,,F,0,0,1,3,N/A,N/A,N/A,N/A,N/A,N/A,N/A,N/A,N/A,3.88
400,,4.0,Phd,,M,0,0,1,1,N/A,N/A,N/A,N/A,N/A,N/A,N/A,N/A,N/A,2.27
401,,2.0,Phd,,N/A,0,1,0,3,N/A,N/A,N/A,N/A,N/A,N/A,N/A,N/A,N/A,0.14
402,,2.9,Phd,,M,N/A,1,1,2,N/A,N/A,N/A,N/A,N/A,N/A,N/A,N/A,N/A,4.92
403,,2.6,Masters,,M,N/A,0,0,3,N/A,N/A,N/A,N/A,N/A,N/A,N/A,N/A,N/A,2.9
404,,2.6,Bachelors,,F,0,0,N/A,3,N/A,N/A,N/A,N/A,N/A,N/A,N/A,N/A,N/A,4.35
405,,3.3,Phd,,M,1,1,N/A,3,N/A,N/A,N/A,N/A,N/A,N/A,N/A,N/A,N/A,0.43
406,,3.5,Masters,,M,1,0,0,4,N/A,N/A,N/A,N/A,N/A,N/A,N/A,N/A,N/A,8.39
407,,3.3,Phd,,F,N/A,0,N/A,3,N/A,N/A,N/A,N/A,N/A,N/A,N/A,N/A,N/A,6.12
408,,3.6,Masters,,N/A,1,0,N/A,1,N/A,N/A,N/A,N/A,N/A,N/A,N/A,N/A,N/A,9.85
409,,2.0,Masters,,F,0,0,0,2,N/A,N/A,N/A,N/A,N/A,N/A,N/A,N/A,N/A,7.25
410,,3.6,Phd,,N/A,N/A,0,N/A,0,N/A,N/A,N/A,N/A,N/A,N/A,N/A,N/A,N/A,8.98
411,,3.1,Phd,,M,N/A,1,0,4,N/A,N/A,N/A,N/A,N/A,N/A,N/A,N/A,N/A,1.07
412,,2.7,Phd,,M,N/A,0,1,4,N/A,N/A,N/A,N/A,N/A,N/A,N/A,N/A,N/A,5.26
413,,2.4,Masters,,M,1,1,1,4,N/A,N/A,N/A,N/A,N/A,N/A,N/A,N/A,N/A,6.77
414,,3.8,Phd,,M,0,0,N/A,1,N/A,N/A,N/A,N/A,N/A,N/A,N/A,N/A,N/A,6.19
415,,2.6,Bachelors,,M,0,0,0,2,N/A,N/A,N/A,N/A,N/A,N/A,N/A,N/A,N/A,4.94
416,,3.8,Masters,,F,1,1,N/A,3,N/A,N/A,N/A,N/A,N/A,N/A,N/A,N/A,N/A,8.88
417,,2.9,Phd,,N/A,1,1,1,1,N/A,N/A,N/A,N/A,N/A,N/A,N/A,N/A,N/A,3.64
418,,2.3,Bachelors,,F,0,0,1,1,N/A,N/A,N/A,N/A,N/A,N/A,N/A,N/A,N/A,3.76
419,,3.3,Bachelors,,N/A,N/A,0,0,0,N/A,N/A,N/A,N/A,N/A,N/A,N/A,N/A,N/A,3.53
420,,2.4,Bachelors,,F,1,0,1,3,N/A,N/A,N/A,N/A,N/A,N/A,N/A,N/A,N/A,6.22
421,,3.3,Phd,,F,N/A,1,1,1,N/A,N/A,N/A,N/A,N/A,N/A,N/A,N/A,N/A,7.26
422,,2.0,Masters,,M,0,0,1,3,N/A,N/A,N/A,N/A,N/A,N/A,N/A,N/A,N/A,6.25
423,,2.3,Masters,,F,0,1,N/A,1,N/A,N/A,N/A,N/A,N/A,N/A,N/A,N/A,N/A,2.87
424,,2.5,Bachelors,,N/A,0,0,N/A,1,N/A,N/A,N/A,N/A,N/A,N/A,N/A,N/A,N/A,1.83
425,,3.7,Phd,,N/A,N/A,0,N/A,2,N/A,N/A,N/A,N/A,N/A,N/A,N/A,N/A,N/A,0.44
426,,3.7,Bachelors,,M,0,0,0,4,N/A,N/A,N/A,N/A,N/A,N/A,N/A,N/A,N/A,5.9
427,,2.2,Bachelors,,F,N/A,0,0,1,N/A,N/A,N/A,N/A,N/A,N/A,N/A,N/A,N/A,0.86
428,,2.8,Phd,,F,1,1,0,0,N/A,N/A,N/A,N/A,N/A,N/A,N/A,N/A,N/A,1.93
429,,3.7,Phd,,N/A,0,1,0,4,N/A,N/A,N/A,N/A,N/A,N/A,N/A,N/A,N/A,7.57
430,,3.2,Phd,,N/A,N/A,0,1,1,N/A,N/A,N/A,N/A,N/A,N/A,N/A,N/A,N/A,4.92
431,,2.2,Phd,,N/A,1,0,1,2,N/A,N/A,N/A,N/A,N/A,N/A,N/A,N/A,N/A,7.24
432,,3.3,Masters,,F,N/A,0,0,3,N/A,N/A,N/A,N/A,N/A,N/A,N/A,N/A,N/A,3.08
433,,3.9,Bachelors,,M,0,0,N/A,1,N/A,N/A,N/A,N/A,N/A,N/A,N/A,N/A,N/A,4.76
434,,2.2,Phd,,F,1,0,N/A,4,N/A,N/A,N/A,N/A,N/A,N/A,N/A,N/A,N/A,5.46
435,,3.4,Masters,,N/A,0,0,0,1,N/A,N/A,N/A,N/A,N/A,N/A,N/A,N/A,N/A,5.0
436,,2.0,Bachelors,,N/A,N/A,0,1,0,N/A,N/A,N/A,N/A,N/A,N/A,N/A,N/A,N/A,5.68
437,,3.1,Masters,,N/A,0,0,N/A,1,N/A,N/A,N/A,N/A,N/A,N/A,N/A,N/A,N/A,1.9
438,,3.5,Phd,,F,N/A,1,N/A,1,N/A,N/A,N/A,N/A,N/A,N/A,N/A,N/A,N/A,2.05
439,,4.0,Bachelors,,N/A,0,0,0,3,N/A,N/A,N/A,N/A,N/A,N/A,N/A,N/A,N/A,9.19
440,,3.6,Masters,,F,1,1,0,0,N/A,N/A,N/A,N/A,N/A,N/A,N/A,N/A,N/A,4.34
441,,2.0,Bachelors,,F,1,1,N/A,3,N/A,N/A,N/A,N/A,N/A,N/A,N/A,N/A,N/A,5.62
442,,2.6,Phd,,M,1,1,0,3,N/A,N/A,N/A,N/A,N/A,N/A,N/A,N/A,N/A,4.9
443,,4.0,Bachelors,,N/A,0,1,0,2,N/A,N/A,N/A,N/A,N/A,N/A,N/A,N/A,N/A,5.85
444,,2.1,Masters,,N/A,1,0,1,1,N/A,N/A,N/A,N/A,N/A,N/A,N/A,N/A,N/A,3.54
445,,2.0,Phd,,N/A,1,0,0,4,N/A,N/A,N/A,N/A,N/A,N/A,N/A,N/A,N/A,4.66
446,,2.1,Masters,,N/A,1,0,0,4,N/A,N/A,N/A,N/A,N/A,N/A,N/A,N/A,N/A,9.38
447,,2.1,Bachelors,,M,0,1,1,2,N/A,N/A,N/A,N/A,N/A,N/A,N/A,N/A,N/A,0.81
448,,2.2,Masters,,M,1,1,N/A,1,N/A,N/A,N/A,N/A,N/A,N/A,N/A,N/A,N/A,6.45
449,,2.2,Phd,,N/A,0,1,0,0,N/A,N/A,N/A,N/A,N/A,N/A,N/A,N/A,N/A,8.95
450,,3.0,Bachelors,,N/A,0,0,1,3,N/A,N/A,N/A,N/A,N/A,N/A,N/A,N/A,N/A,5.8
451,,3.2,Masters,,N/A,1,0,0,0,N/A,N/A,N/A,N/A,N/A,N/A,N/A,N/A,N/A,2.69
452,,2.6,Bachelors,,M,0,1,1,1,N/A,N/A,N/A,N/A,N/A,N/A,N/A,N/A,N/A,4.03
453,,3.1,Bachelors,,F,1,0,N/A,0,N/A,N/A,N/A,N/A,N/A,N/A,N/A,N/A,N/A,4.21
454,,3.0,Masters,,M,1,1,N/A,4,N/A,N/A,N/A,N/A,N/A,N/A,N/A,N/A,N/A,0.03
455,,2.0,Phd,,N/A,1,0,N/A,1,N/A,N/A,N/A,N/A,N/A,N/A,N/A,N/A,N/A,4.79
456,,2.2,Masters,,M,1,1,N/A,1,N/A,N/A,N/A,N/A,N/A,N/A,N/A,N/A,N/A,2.92
457,,2.9,Phd,,F,0,0,0,3,N/A,N/A,N/A,N/A,N/A,N/A,N/A,N/A,N/A,3.42
458,,2.7,Masters,,M,1,0,1,0,N/A,N/A,N/A,N/A,N/A,N/A,N/A,N/A,N/A,8.21
459,,3.9,Phd,,M,N/A,0,N/A,3,N/A,N/A,N/A,N/A,N/A,N/A,N/A,N/A,N/A,5.77
460,,3.7,Bachelors,,F,N/A,0,1,2,N/A,N/A,N/A,N/A,N/A,N/A,N/A,N/A,N/A,5.61
461,,2.9,Masters,,F,1,1,0,2,N/A,N/A,N/A,N/A,N/A,N/A,N/A,N/A,N/A,8.57
462,,2.2,Bachelors,,N/A,N/A,0,0,1,N/A,N/A,N/A,N/A,N/A,N/A,N/A,N/A,N/A,6.69
463,,3.5,Bachelors,,F,N/A,0,N/A,4,N/A,N/A,N/A,N/A,N/A,N/A,N/A,N/A,N/A,6.94
464,,2.4,Masters,,N/A,0,0,1,0,N/A,N/A,N/A,N/A,N/A,N/A,N/A,N/A,N/A,2.33
465,,2.4,Masters,,N/A,1,0,1,0,N/A,N/A,N/A,N/A,N/A,N/A,N/A,N/A,N/A,2.52
466,,3.9,Bachelors,,F,N/A,0,N/A,2,N/A,N/A,N/A,N/A,N/A,N/A,N/A,N/A,N/A,8.6
467,,3.0,Bachelors,,M,N/A,0,0,0,N/A,N/A,N/A,N/A,N/A,N/A,N/A,N/A,N/A,6.75
468,,3.8,Phd,,F,N/A,0,1,0,N/A,N/A,N/A,N/A,N/A,N/A,N/A,N/A,N/A,6.53
469,,2.5,Bachelors,,M,N/A,0,0,4,N/A,N/A,N/A,N/A,N/A,N/A,N/A,N/A,N/A,4.16
470,,3.9,Phd,,N/A,0,0,0,4,N/A,N/A,N/A,N/A,N/A,N/A,N/A,N/A,N/A,7.97
471,,2.1,Phd,,F,0,1,1,3,N/A,N/A,N/A,N/A,N/A,N/A,N/A,N/A,N/A,8.47
472,,2.1,Bachelors,,F,0,0,0,2,N/A,N/A,N/A,N/A,N/A,N/A,N/A,N/A,N/A,2.98
473,,3.1,Phd,,N/A,N/A,0,1,1,N/A,N/A,N/A,N/A,N/A,N/A,N/A,N/A,N/A,2.76
474,,3.4,Masters,,N/A,N/A,1,N/A,1,N/A,N/A,N/A,N/A,N/A,N/A,N/A,N/A,N/A,6.21
475,,3.0,Phd,,F,0,0,0,4,N/A,N/A,N/A,N/A,N/A,N/A,N/A,N/A,N/A,1.74
476,,3.7,Phd,,N/A,N/A,0,0,3,N/A,N/A,N/A,N/A,N/A,N/A,N/A,N/A,N/A,4.68
477,,3.7,Bachelors,,F,0,1,N/A,4,N/A,N/A,N/A,N/A,N/A,N/A,N/A,N/A,N/A,3.23
478,,3.4,Bachelors,,F,1,1,N/A,3,N/A,N/A,N/A,N/A,N/A,N/A,N/A,N/A,N/A,4.42
479,,2.4,Masters,,F,N/A,1,1,3,N/A,N/A,N/A,N/A,N/A,N/A,N/A,N/A,N/A,3.46
480,,3.6,Masters,,F,0,0,1,4,N/A,N/A,N/A,N/A,N/A,N/A,N/A,N/A,N/A,7.73
481,,3.8,Phd,,M,0,1,0,2,N/A,N/A,N/A,N/A,N/A,N/A,N/A,N/A,N/A,1.78
482,,2.4,Phd,,N/A,1,1,0,3,N/A,N/A,N/A,N/A,N/A,N/A,N/A,N/A,N/A,1.61
483,,2.4,Masters,,F,0,0,1,3,N/A,N/A,N/A,N/A,N/A,N/A,N/A,N/A,N/A,4.08
484,,2.4,Phd,,M,1,0,1,0,N/A,N/A,N/A,N/A,N/A,N/A,N/A,N/A,N/A,3.64
485,,2.1,Masters,,N/A,N/A,1,N/A,2,N/A,N/A,N/A,N/A,N/A,N/A,N/A,N/A,N/A,7.45
486,,2.8,Masters,,M,N/A,1,0,4,N/A,N/A,N/A,N/A,N/A,N/A,N/A,N/A,N/A,4.76
487,,2.6,Bachelors,,N/A,0,1,1,0,N/A,N/A,N/A,N/A,N/A,N/A,N/A,N/A,N/A,7.06
488,,3.0,Masters,,M,0,1,N/A,3,N/A,N/A,N/A,N/A,N/A,N/A,N/A,N/A,N/A,2.54
489,,2.1,Phd,,N/A,0,1,1,4,N/A,N/A,N/A,N/A,N/A,N/A,N/A,N/A,N/A,9.24
490,,4.0,Phd,,F,1,0,1,3,N/A,N/A,N/A,N/A,N/A,N/A,N/A,N/A,N/A,1.3
491,,2.6,Bachelors,,F,1,1,N/A,3,N/A,N/A,N/A,N/A,N/A,N/A,N/A,N/A,N/A,5.9
492,,3.0,Phd,,M,N/A,1,N/A,0,N/A,N/A,N/A,N/A,N/A,N/A,N/A,N/A,N/A,5.57
493,,2.7,Masters,,F,N/A,1,0,3,N/A,N/A,N/A,N/A,N/A,N/A,N/A,N/A,N/A,9.53
494,,2.3,Bachelors,,M,1,1,N/A,4,N/A,N/A,N/A,N/A,N/A,N/A,N/A,N/A,N/A,0.1
495,,2.5,Bachelors,,N/A,1,1,1,1,N/A,N/A,N/A,N/A,N/A,N/A,N/A,N/A,N/A,7.61
496,,2.5,Bachelors,,M,0,1,1,3,N/A,N/A,N/A,N/A,N/A,N/A,N/A,N/A,N/A,7.86
497,,3.6,Masters,,F,1,1,1,4,N/A,N/A,N/A,N/A,N/A,N/A,N/A,N/A,N/A,1.39
498,,3.6,Phd,,F,0,1,N/A,1,N/A,N/A,N/A,N/A,N/A,N/A,N/A,N/A,N/A,3.26
499,,3.1,Masters,,M,0,1,1,4,N/A,N/A,N/A,N/A,N/A,N/A,N/A,N/A,N/A,2.57
500,,3.6,Masters,,N/A,N/A,0,0,4,N/A,N/A,N/A,N/A,N/A,N/A,N/A,N/A,N/A,6.66
501,,2.6,Bachelors,,F,0,1,0,4,N/A,N/A,N/A,N/A,N/A,N/A,N/A,N/A,N/A,2.72
502,,2.2,Bachelors,,M,N/A,0,1,0,N/A,N/A,N/A,N/A,N/A,N/A,N/A,N/A,N/A,5.58
503,,3.2,Masters,,M,1,1,1,2,N/A,N/A,N/A,N/A,N/A,N/A,N/A,N/A,N/A,4.67
504,,2.2,Phd,,M,1,0,1,1,N/A,N/A,N/A,N/A,N/A,N/A,N/A,N/A,N/A,1.12
505,,3.2,Masters,,N/A,1,0,1,4,N/A,N/A,N/A,N/A,N/A,N/A,N/A,N/A,N/A,1.26
506,,3.8,Masters,,F,1,0,0,0,N/A,N/A,N/A,N/A,N/A,N/A,N/A,N/A,N/A,6.78
507,,3.4,Masters,,N/A,N/A,0,N/A,3,N/A,N/A,N/A,N/A,N/A,N/A,N/A,N/A,N/A,4.84
508,,3.2,Phd,,M,N/A,0,1,4,N/A,N/A,N/A,N/A,N/A,N/A,N/A,N/A,N/A,2.39
509,,3.6,Phd,,N/A,1,1,1,4,N/A,N/A,N/A,N/A,N/A,N/A,N/A,N/A,N/A,5.97
510,,3.8,Bachelors,,M,0,1,N/A,2,N/A,N/A,N/A,N/A,N/A,N/A,N/A,N/A,N/A,1.15
511,,3.3,Phd,,M,0,1,1,4,N/A,N/A,N/A,N/A,N/A,N/A,N/A,N/A,N/A,7.06
512,,2.4,Phd,,F,N/A,1,N/A,0,N/A,N/A,N/A,N/A,N/A,N/A,N/A,N/A,N/A,1.86
513,,3.1,Bachelors,,N/A,N/A,1,1,3,N/A,N/A,N/A,N/A,N/A,N/A,N/A,N/A,N/A,4.1
514,,3.6,Masters,,M,1,1,N/A,2,N/A,N/A,N/A,N/A,N/A,N/A,N/A,N/A,N/A,0.87
515,,2.8,Phd,,M,N/A,1,N/A,4,N/A,N/A,N/A,N/A,N/A,N/A,N/A,N/A,N/A,1.68
516,,2.8,Masters,,M,1,1,1,2,N/A,N/A,N/A,N/A,N/A,N/A,N/A,N/A,N/A,3.86
517,,2.5,Phd,,M,0,0,1,3,N/A,N/A,N/A,N/A,N/A,N/A,N/A,N/A,N/A,4.17
518,,3.3,Phd,,F,1,1,N/A,2,N/A,N/A,N/A,N/A,N/A,N/A,N/A,N/A,N/A,0.71
519,,3.8,Masters,,F,N/A,0,0,3,N/A,N/A,N/A,N/A,N/A,N/A,N/A,N/A,N/A,2.63
520,,3.3,Phd,,N/A,N/A,0,0,1,N/A,N/A,N/A,N/A,N/A,N/A,N/A,N/A,N/A,3.27
521,,2.3,Phd,,M,1,0,1,2,N/A,N/A,N/A,N/A,N/A,N/A,N/A,N/A,N/A,3.12
522,,2.6,Bachelors,,M,1,1,1,2,N/A,N/A,N/A,N/A,N/A,N/A,N/A,N/A,N/A,4.24
523,,3.7,Phd,,M,1,0,N/A,4,N/A,N/A,N/A,N/A,N/A,N/A,N/A,N/A,N/A,1.33
524,,3.1,Phd,,M,0,0,1,2,N/A,N/A,N/A,N/A,N/A,N/A,N/A,N/A,N/A,2.56
525,,2.8,Bachelors,,M,N/A,1,1,1,N/A,N/A,N/A,N/A,N/A,N/A,N/A,N/A,N/A,9.04
526,,2.7,Masters,,M,0,0,1,4,N/A,N/A,N/A,N/A,N/A,N/A,N/A,N/A,N/A,0.11
527,,2.7,Bachelors,,F,0,0,1,3,N/A,N/A,N/A,N/A,N/A,N/A,N/A,N/A,N/A,1.14
528,,2.8,Bachelors,,N/A,N/A,0,N/A,3,N/A,N/A,N/A,N/A,N/A,N/A,N/A,N/A,N/A,8.37
529,,3.4,Phd,,N/A,1,1,0,0,N/A,N/A,N/A,N/A,N/A,N/A,N/A,N/A,N/A,4.64
530,,3.9,Masters,,F,0,1,N/A,2,N/A,N/A,N/A,N/A,N/A,N/A,N/A,N/A,N/A,8.63
531,,2.0,Phd,,M,1,1,N/A,2,N/A,N/A,N/A,N/A,N/A,N/A,N/A,N/A,N/A,9.83
532,,4.0,Phd,,M,0,1,0,3,N/A,N/A,N/A,N/A,N/A,N/A,N/A,N/A,N/A,9.98
533,,2.3,Bachelors,,M,0,0,0,1,N/A,N/A,N/A,N/A,N/A,N/A,N/A,N/A,N/A,6.19
534,,3.8,Bachelors,,F,1,1,1,3,N/A,N/A,N/A,N/A,N/A,N/A,N/A,N/A,N/A,8.17
535,,2.0,Phd,,N/A,0,1,N/A,4,N/A,N/A,N/A,N/A,N/A,N/A,N/A,N/A,N/A,1.14
536,,2.3,Phd,,M,N/A,0,N/A,3,N/A,N/A,N/A,N/A,N/A,N/A,N/A,N/A,N/A,0.09
537,,2.9,Phd,,M,0,1,0,1,N/A,N/A,N/A,N/A,N/A,N/A,N/A,N/A,N/A,0.75
538,,3.9,Masters,,M,1,0,1,1,N/A,N/A,N/A,N/A,N/A,N/A,N/A,N/A,N/A,8.09
539,,2.2,Phd,,M,0,1,1,4,N/A,N/A,N/A,N/A,N/A,N/A,N/A,N/A,N/A,1.41
540,,2.4,Bachelors,,F,N/A,0,N/A,3,N/A,N/A,N/A,N/A,N/A,N/A,N/A,N/A,N/A,6.56
541,,2.8,Phd,,M,0,1,1,1,N/A,N/A,N/A,N/A,N/A,N/A,N/A,N/A,N/A,9.17
542,,2.7,Bachelors,,M,N/A,1,0,0,N/A,N/A,N/A,N/A,N/A,N/A,N/A,N/A,N/A,9.53
543,,2.0,Masters,,F,N/A,0,N/A,2,N/A,N/A,N/A,N/A,N/A,N/A,N/A,N/A,N/A,8.7
544,,4.0,Masters,,M,0,0,N/A,4,N/A,N/A,N/A,N/A,N/A,N/A,N/A,N/A,N/A,4.21
545,,2.1,Phd,,F,N/A,1,0,3,N/A,N/A,N/A,N/A,N/A,N/A,N/A,N/A,N/A,0.88
546,,2.1,Phd,,F,1,1,0,3,N/A,N/A,N/A,N/A,N/A,N/A,N/A,N/A,N/A,6.27
547,,2.5,Masters,,M,N/A,1,0,2,N/A,N/A,N/A,N/A,N/A,N/A,N/A,N/A,N/A,1.58
548,,2.5,Phd,,N/A,N/A,1,1,2,N/A,N/A,N/A,N/A,N/A,N/A,N/A,N/A,N/A,5.42
549,,3.4,Phd,,M,N/A,1,0,3,N/A,N/A,N/A,N/A,N/A,N/A,N/A,N/A,N/A,8.6
550,,2.6,Bachelors,,M,N/A,0,0,1,N/A,N/A,N/A,N/A,N/A,N/A,N/A,N/A,N/A,3.61
551,,2.2,Phd,,N/A,0,0,1,4,N/A,N/A,N/A,N/A,N/A,N/A,N/A,N/A,N/A,2.98
552,,3.4,Bachelors,,F,N/A,1,N/A,1,N/A,N/A,N/A,N/A,N/A,N/A,N/A,N/A,N/A,3.26
553,,3.6,Bachelors,,M,0,0,1,3,N/A,N/A,N/A,N/A,N/A,N/A,N/A,N/A,N/A,6.88
554,,3.7,Bachelors,,N/A,N/A,1,N/A,3,N/A,N/A,N/A,N/A,N/A,N/A,N/A,N/A,N/A,4.8
555,,2.7,Phd,,M,0,1,0,2,N/A,N/A,N/A,N/A,N/A,N/A,N/A,N/A,N/A,4.4
556,,3.4,Bachelors,,N/A,N/A,0,0,4,N/A,N/A,N/A,N/A,N/A,N/A,N/A,N/A,N/A,5.69
557,,2.2,Masters,,F,N/A,0,0,0,N/A,N/A,N/A,N/A,N/A,N/A,N/A,N/A,N/A,8.85
558,,2.4,Phd,,N/A,1,0,1,4,N/A,N/A,N/A,N/A,N/A,N/A,N/A,N/A,N/A,3.91
559,,2.0,Masters,,F,0,1,N/A,3,N/A,N/A,N/A,N/A,N/A,N/A,N/A,N/A,N/A,7.26
560,,2.5,Bachelors,,F,1,0,1,2,N/A,N/A,N/A,N/A,N/A,N/A,N/A,N/A,N/A,0.79
561,,3.5,Bachelors,,N/A,0,0,N/A,4,N/A,N/A,N/A,N/A,N/A,N/A,N/A,N/A,N/A,6.41
562,,3.1,Phd,,M,N/A,0,0,0,N/A,N/A,N/A,N/A,N/A,N/A,N/A,N/A,N/A,3.39
563,,2.9,Bachelors,,F,0,0,1,0,N/A,N/A,N/A,N/A,N/A,N/A,N/A,N/A,N/A,8.81
564,,3.9,Bachelors,,N/A,1,0,1,2,N/A,N/A,N/A,N/A,N/A,N/A,N/A,N/A,N/A,7.68
565,,2.0,Masters,,N/A,0,1,1,1,N/A,N/A,N/A,N/A,N/A,N/A,N/A,N/A,N/A,8.19
566,,2.7,Masters,,M,1,0,N/A,0,N/A,N/A,N/A,N/A,N/A,N/A,N/A,N/A,N/A,9.36
567,,2.9,Bachelors,,M,1,0,N/A,1,N/A,N/A,N/A,N/A,N/A,N/A,N/A,N/A,N/A,7.57
568,,3.9,Bachelors,,N/A,N/A,0,1,4,N/A,N/A,N/A,N/A,N/A,N/A,N/A,N/A,N/A,1.55
569,,3.8,Masters,,M,0,1,1,0,N/A,N/A,N/A,N/A,N/A,N/A,N/A,N/A,N/A,4.88
570,,3.7,Masters,,F,1,0,N/A,1,N/A,N/A,N/A,N/A,N/A,N/A,N/A,N/A,N/A,8.89
571,,2.1,Bachelors,,M,1,0,N/A,2,N/A,N/A,N/A,N/A,N/A,N/A,N/A,N/A,N/A,6.71
572,,2.5,Masters,,F,1,1,0,3,N/A,N/A,N/A,N/A,N/A,N/A,N/A,N/A,N/A,0.32
573,,3.9,Bachelors,,F,0,0,N/A,4,N/A,N/A,N/A,N/A,N/A,N/A,N/A,N/A,N/A,5.86
574,,2.0,Masters,,F,1,0,N/A,2,N/A,N/A,N/A,N/A,N/A,N/A,N/A,N/A,N/A,2.84
575,,2.0,Phd,,M,N/A,0,0,0,N/A,N/A,N/A,N/A,N/A,N/A,N/A,N/A,N/A,5.98
576,,3.5,Phd,,F,0,1,0,2,N/A,N/A,N/A,N/A,N/A,N/A,N/A,N/A,N/A,6.54
577,,3.7,Masters,,N/A,1,1,1,0,N/A,N/A,N/A,N/A,N/A,N/A,N/A,N/A,N/A,7.23
578,,3.0,Phd,,M,N/A,1,0,2,N/A,N/A,N/A,N/A,N/A,N/A,N/A,N/A,N/A,9.42
579,,4.0,Phd,,N/A,1,1,0,3,N/A,N/A,N/A,N/A,N/A,N/A,N/A,N/A,N/A,4.22
580,,2.8,Masters,,M,N/A,1,0,2,N/A,N/A,N/A,N/A,N/A,N/A,N/A,N/A,N/A,4.67
581,,2.5,Masters,,N/A,0,1,1,4,N/A,N/A,N/A,N/A,N/A,N/A,N/A,N/A,N/A,7.43
582,,2.6,Bachelors,,N/A,1,1,N/A,3,N/A,N/A,N/A,N/A,N/A,N/A,N/A,N/A,N/A,7.62
583,,2.1,Masters,,F,1,0,0,0,N/A,N/A,N/A,N/A,N/A,N/A,N/A,N/A,N/A,7.83
584,,3.9,Bachelors,,F,1,0,1,4,N/A,N/A,N/A,N/A,N/A,N/A,N/A,N/A,N/A,2.83
585,,4.0,Masters,,F,N/A,0,N/A,1,N/A,N/A,N/A,N/A,N/A,N/A,N/A,N/A,N/A,6.67
586,,3.8,Masters,,N/A,1,1,1,2,N/A,N/A,N/A,N/A,N/A,N/A,N/A,N/A,N/A,7.46
587,,3.6,Phd,,F,0,1,N/A,0,N/A,N/A,N/A,N/A,N/A,N/A,N/A,N/A,N/A,8.26
588,,2.8,Phd,,N/A,N/A,1,N/A,0,N/A,N/A,N/A,N/A,N/A,N/A,N/A,N/A,N/A,8.57
589,,3.4,Masters,,F,0,0,0,2,N/A,N/A,N/A,N/A,N/A,N/A,N/A,N/A,N/A,8.21
590,,2.9,Bachelors,,F,0,0,N/A,1,N/A,N/A,N/A,N/A,N/A,N/A,N/A,N/A,N/A,9.75
591,,3.6,Masters,,M,1,1,1,1,N/A,N/A,N/A,N/A,N/A,N/A,N/A,N/A,N/A,9.03
592,,2.9,Masters,,M,0,1,N/A,0,N/A,N/A,N/A,N/A,N/A,N/A,N/A,N/A,N/A,5.76
593,,3.1,Phd,,M,N/A,0,0,3,N/A,N/A,N/A,N/A,N/A,N/A,N/A,N/A,N/A,3.48
594,,2.3,Masters,,M,1,0,1,0,N/A,N/A,N/A,N/A,N/A,N/A,N/A,N/A,N/A,8.05
595,,2.2,Bachelors,,M,0,0,1,1,N/A,N/A,N/A,N/A,N/A,N/A,N/A,N/A,N/A,2.68
596,,2.4,Masters,,M,0,1,N/A,3,N/A,N/A,N/A,N/A,N/A,N/A,N/A,N/A,N/A,2.04
597,,2.4,Masters,,M,N/A,0,1,1,N/A,N/A,N/A,N/A,N/A,N/A,N/A,N/A,N/A,0.25
598,,4.0,Phd,,N/A,0,1,1,2,N/A,N/A,N/A,N/A,N/A,N/A,N/A,N/A,N/A,0.42
599,,3.4,Bachelors,,M,1,1,N/A,3,N/A,N/A,N/A,N/A,N/A,N/A,N/A,N/A,N/A,3.04
600,,2.2,Phd,,F,1,0,1,3,N/A,N/A,N/A,N/A,N/A,N/A,N/A,N/A,N/A,3.01
601,,2.7,Phd,,M,1,1,0,2,N/A,N/A,N/A,N/A,N/A,N/A,N/A,N/A,N/A,7.93
602,,2.2,Bachelors,,M,1,1,1,0,N/A,N/A,N/A,N/A,N/A,N/A,N/A,N/A,N/A,8.05
603,,2.2,Phd,,N/A,0,1,1,1,N/A,N/A,N/A,N/A,N/A,N/A,N/A,N/A,N/A,2.13
604,,3.6,Phd,,N/A,1,0,1,4,N/A,N/A,N/A,N/A,N/A,N/A,N/A,N/A,N/A,0.3
605,,2.0,Masters,,F,N/A,0,N/A,4,N/A,N/A,N/A,N/A,N/A,N/A,N/A,N/A,N/A,5.39
606,,3.6,Masters,,N/A,1,1,1,3,N/A,N/A,N/A,N/A,N/A,N/A,N/A,N/A,N/A,9.02
607,,3.4,Masters,,N/A,0,1,1,0,N/A,N/A,N/A,N/A,N/A,N/A,N/A,N/A,N/A,3.55
608,,3.1,Masters,,N/A,1,1,N/A,2,N/A,N/A,N/A,N/A,N/A,N/A,N/A,N/A,N/A,6.95
609,,2.8,Masters,,N/A,N/A,0,N/A,1,N/A,N/A,N/A,N/A,N/A,N/A,N/A,N/A,N/A,9.94
610,,2.1,Masters,,M,1,1,1,0,N/A,N/A,N/A,N/A,N/A,N/A,N/A,N/A,N/A,4.81
611,,2.2,Phd,,M,0,1,0,0,N/A,N/A,N/A,N/A,N/A,N/A,N/A,N/A,N/A,6.31
612,,3.7,Bachelors,,M,0,1,N/A,1,N/A,N/A,N/A,N/A,N/A,N/A,N/A,N/A,N/A,1.72
613,,2.7,Bachelors,,F,0,0,N/A,2,N/A,N/A,N/A,N/A,N/A,N/A,N/A,N/A,N/A,2.54
614,,2.3,Phd,,F,0,0,1,1,N/A,N/A,N/A,N/A,N/A,N/A,N/A,N/A,N/A,4.89
615,,2.1,Phd,,M,N/A,0,1,0,N/A,N/A,N/A,N/A,N/A,N/A,N/A,N/A,N/A,0.38
616,,3.3,Phd,,F,N/A,1,0,3,N/A,N/A,N/A,N/A,N/A,N/A,N/A,N/A,N/A,7.28
617,,3.6,Phd,,F,0,0,1,0,N/A,N/A,N/A,N/A,N/A,N/A,N/A,N/A,N/A,5.62
618,,2.4,Phd,,N/A,N/A,1,N/A,4,N/A,N/A,N/A,N/A,N/A,N/A,N/A,N/A,N/A,1.66
619,,3.0,Bachelors,,F,1,0,0,0,N/A,N/A,N/A,N/A,N/A,N/A,N/A,N/A,N/A,0.62
620,,3.7,Phd,,N/A,N/A,0,N/A,3,N/A,N/A,N/A,N/A,N/A,N/A,N/A,N/A,N/A,0.96
621,,3.4,Phd,,M,N/A,1,N/A,3,N/A,N/A,N/A,N/A,N/A,N/A,N/A,N/A,N/A,6.73
622,,3.2,Bachelors,,M,1,0,N/A,2,N/A,N/A,N/A,N/A,N/A,N/A,N/A,N/A,N/A,1.29
623,,2.3,Phd,,N/A,N/A,0,1,0,N/A,N/A,N/A,N/A,N/A,N/A,N/A,N/A,N/A,9.25
624,,3.9,Bachelors,,N/A,0,1,0,4,N/A,N/A,N/A,N/A,N/A,N/A,N/A,N/A,N/A,8.12
625,,2.9,Masters,,F,1,0,N/A,1,N/A,N/A,N/A,N/A,N/A,N/A,N/A,N/A,N/A,5.52
626,,3.6,Phd,,F,1,0,0,4,N/A,N/A,N/A,N/A,N/A,N/A,N/A,N/A,N/A,3.78
627,,3.8,Masters,,F,N/A,0,N/A,0,N/A,N/A,N/A,N/A,N/A,N/A,N/A,N/A,N/A,4.94
628,,2.2,Masters,,F,1,1,N/A,4,N/A,N/A,N/A,N/A,N/A,N/A,N/A,N/A,N/A,3.04
629,,3.9,Masters,,N/A,0,0,0,1,N/A,N/A,N/A,N/A,N/A,N/A,N/A,N/A,N/A,7.65
630,,3.6,Phd,,M,0,0,0,0,N/A,N/A,N/A,N/A,N/A,N/A,N/A,N/A,N/A,2.01
631,,3.8,Bachelors,,N/A,1,1,1,0,N/A,N/A,N/A,N/A,N/A,N/A,N/A,N/A,N/A,0.61
632,,4.0,Bachelors,,M,N/A,1,0,3,N/A,N/A,N/A,N/A,N/A,N/A,N/A,N/A,N/A,9.58
633,,3.2,Phd,,F,0,0,0,3,N/A,N/A,N/A,N/A,N/A,N/A,N/A,N/A,N/A,9.2
634,,3.4,Bachelors,,M,1,0,1,4,N/A,N/A,N/A,N/A,N/A,N/A,N/A,N/A,N/A,2.85
635,,2.8,Masters,,N/A,N/A,0,1,2,N/A,N/A,N/A,N/A,N/A,N/A,N/A,N/A,N/A,1.27
636,,4.0,Bachelors,,F,0,0,1,1,N/A,N/A,N/A,N/A,N/A,N/A,N/A,N/A,N/A,3.05
637,,3.3,Bachelors,,F,N/A,1,0,4,N/A,N/A,N/A,N/A,N/A,N/A,N/A,N/A,N/A,2.35
638,,2.3,Bachelors,,F,0,0,0,0,N/A,N/A,N/A,N/A,N/A,N/A,N/A,N/A,N/A,1.94
639,,2.4,Phd,,F,1,0,0,0,N/A,N/A,N/A,N/A,N/A,N/A,N/A,N/A,N/A,1.11
640,,2.7,Bachelors,,F,0,0,0,2,N/A,N/A,N/A,N/A,N/A,N/A,N/A,N/A,N/A,2.96
641,,3.3,Bachelors,,F,1,1,N/A,4,N/A,N/A,N/A,N/A,N/A,N/A,N/A,N/A,N/A,8.25
642,,3.6,Phd,,N/A,0,0,0,3,N/A,N/A,N/A,N/A,N/A,N/A,N/A,N/A,N/A,2.14
643,,2.4,Masters,,N/A,0,1,1,1,N/A,N/A,N/A,N/A,N/A,N/A,N/A,N/A,N/A,1.4
644,,2.9,Phd,,N/A,0,1,1,4,N/A,N/A,N/A,N/A,N/A,N/A,N/A,N/A,N/A,8.13
645,,2.4,Masters,,M,1,1,N/A,2,N/A,N/A,N/A,N/A,N/A,N/A,N/A,N/A,N/A,3.22
646,,3.2,Bachelors,,M,1,0,N/A,4,N/A,N/A,N/A,N/A,N/A,N/A,N/A,N/A,N/A,5.67
647,,3.6,Masters,,M,0,1,1,0,N/A,N/A,N/A,N/A,N/A,N/A,N/A,N/A,N/A,9.59
648,,3.8,Bachelors,,M,N/A,0,0,3,N/A,N/A,N/A,N/A,N/A,N/A,N/A,N/A,N/A,4.61
649,,3.2,Bachelors,,F,N/A,1,N/A,0,N/A,N/A,N/A,N/A,N/A,N/A,N/A,N/A,N/A,3.7
650,,2.2,Phd,,M,1,0,0,1,N/A,N/A,N/A,N/A,N/A,N/A,N/A,N/A,N/A,0.97
651,,3.5,Masters,,M,1,0,0,4,N/A,N/A,N/A,N/A,N/A,N/A,N/A,N/A,N/A,8.02
652,,2.2,Bachelors,,N/A,0,1,1,4,N/A,N/A,N/A,N/A,N/A,N/A,N/A,N/A,N/A,8.02
653,,3.0,Phd,,M,N/A,0,1,0,N/A,N/A,N/A,N/A,N/A,N/A,N/A,N/A,N/A,9.74
654,,4.0,Masters,,N/A,1,0,0,2,N/A,N/A,N/A,N/A,N/A,N/A,N/A,N/A,N/A,0.55
655,,3.3,Phd,,M,1,0,1,4,N/A,N/A,N/A,N/A,N/A,N/A,N/A,N/A,N/A,7.25
656,,2.6,Masters,,N/A,N/A,0,0,1,N/A,N/A,N/A,N/A,N/A,N/A,N/A,N/A,N/A,4.28
657,,2.9,Bachelors,,F,N/A,0,1,2,N/A,N/A,N/A,N/A,N/A,N/A,N/A,N/A,N/A,7.44
658,,2.3,Masters,,F,0,1,0,0,N/A,N/A,N/A,N/A,N/A,N/A,N/A,N/A,N/A,4.98
659,,4.0,Phd,,M,N/A,0,N/A,3,N/A,N/A,N/A,N/A,N/A,N/A,N/A,N/A,N/A,7.7
660,,3.4,Masters,,N/A,0,1,N/A,0,N/A,N/A,N/A,N/A,N/A,N/A,N/A,N/A,N/A,7.3
661,,3.0,Bachelors,,F,0,1,N/A,4,N/A,N/A,N/A,N/A,N/A,N/A,N/A,N/A,N/A,9.36
662,,2.3,Masters,,F,1,1,0,0,N/A,N/A,N/A,N/A,N/A,N/A,N/A,N/A,N/A,5.36
663,,3.2,Masters,,M,1,0,0,3,N/A,N/A,N/A,N/A,N/A,N/A,N/A,N/A,N/A,3.48
664,,3.2,Bachelors,,M,0,1,N/A,4,N/A,N/A,N/A,N/A,N/A,N/A,N/A,N/A,N/A,6.22
665,,2.6,Bachelors,,N/A,0,0,N/A,3,N/A,N/A,N/A,N/A,N/A,N/A,N/A,N/A,N/A,2.87
666,,2.4,Masters,,F,N/A,1,N/A,1,N/A,N/A,N/A,N/A,N/A,N/A,N/A,N/A,N/A,8.32
667,,3.2,Bachelors,,M,N/A,1,0,3,N/A,N/A,N/A,N/A,N/A,N/A,N/A,N/A,N/A,1.07
668,,2.0,Phd,,F,1,1,0,2,N/A,N/A,N/A,N/A,N/A,N/A,N/A,N/A,N/A,4.14
669,,3.8,Masters,,F,0,1,N/A,4,N/A,N/A,N/A,N/A,N/A,N/A,N/A,N/A,N/A,9.25
670,,3.1,Bachelors,,M,0,0,1,3,N/A,N/A,N/A,N/A,N/A,N/A,N/A,N/A,N/A,1.97
671,,2.6,Phd,,N/A,0,0,1,4,N/A,N/A,N/A,N/A,N/A,N/A,N/A,N/A,N/A,7.51
672,,4.0,Phd,,M,0,0,N/A,0,N/A,N/A,N/A,N/A,N/A,N/A,N/A,N/A,N/A,7.13
673,,3.3,Phd,,N/A,0,0,0,2,N/A,N/A,N/A,N/A,N/A,N/A,N/A,N/A,N/A,1.97
674,,2.0,Phd,,F,0,0,0,3,N/A,N/A,N/A,N/A,N/A,N/A,N/A,N/A,N/A,7.71
675,,3.4,Bachelors,,M,1,0,1,2,N/A,N/A,N/A,N/A,N/A,N/A,N/A,N/A,N/A,7.76
676,,3.4,Bachelors,,N/A,0,0,N/A,3,N/A,N/A,N/A,N/A,N/A,N/A,N/A,N/A,N/A,3.52
677,,2.8,Phd,,F,0,1,0,3,N/A,N/A,N/A,N/A,N/A,N/A,N/A,N/A,N/A,5.65
678,,2.0,Phd,,N/A,0,0,N/A,3,N/A,N/A,N/A,N/A,N/A,N/A,N/A,N/A,N/A,1.17
679,,2.6,Masters,,M,0,1,0,1,N/A,N/A,N/A,N/A,N/A,N/A,N/A,N/A,N/A,8.73
680,,2.6,Bachelors,,F,0,0,N/A,3,N/A,N/A,N/A,N/A,N/A,N/A,N/A,N/A,N/A,0.05
681,,3.4,Bachelors,,F,1,1,N/A,1,N/A,N/A,N/A,N/A,N/A,N/A,N/A,N/A,N/A,9.27
682,,3.4,Masters,,F,N/A,1,N/A,1,N/A,N/A,N/A,N/A,N/A,N/A,N/A,N/A,N/A,0.51
683,,3.9,Masters,,F,1,1,1,4,N/A,N/A,N/A,N/A,N/A,N/A,N/A,N/A,N/A,7.11
684,,2.4,Phd,,F,1,1,N/A,3,N/A,N/A,N/A,N/A,N/A,N/A,N/A,N/A,N/A,0.87
685,,3.7,Bachelors,,M,1,1,1,0,N/A,N/A,N/A,N/A,N/A,N/A,N/A,N/A,N/A,0.87
686,,3.4,Masters,,F,N/A,0,0,0,N/A,N/A,N/A,N/A,N/A,N/A,N/A,N/A,N/A,9.87
687,,2.4,Bachelors,,N/A,0,0,1,2,N/A,N/A,N/A,N/A,N/A,N/A,N/A,N/A,N/A,4.84
688,,2.1,Bachelors,,N/A,N/A,1,0,4,N/A,N/A,N/A,N/A,N/A,N/A,N/A,N/A,N/A,4.34
689,,2.3,Masters,,N/A,0,0,N/A,0,N/A,N/A,N/A,N/A,N/A,N/A,N/A,N/A,N/A,7.72
690,,2.5,Bachelors,,M,0,1,0,0,N/A,N/A,N/A,N/A,N/A,N/A,N/A,N/A,N/A,4.51
691,,3.7,Masters,,N/A,N/A,0,0,2,N/A,N/A,N/A,N/A,N/A,N/A,N/A,N/A,N/A,1.86
692,,3.2,Bachelors,,M,0,1,0,1,N/A,N/A,N/A,N/A,N/A,N/A,N/A,N/A,N/A,6.53
693,,4.0,Bachelors,,N/A,0,0,N/A,1,N/A,N/A,N/A,N/A,N/A,N/A,N/A,N/A,N/A,6.29
694,,2.9,Phd,,M,N/A,0,0,4,N/A,N/A,N/A,N/A,N/A,N/A,N/A,N/A,N/A,5.34
695,,3.9,Bachelors,,M,N/A,0,1,2,N/A,N/A,N/A,N/A,N/A,N/A,N/A,N/A,N/A,4.65
696,,2.0,Masters,,M,1,0,1,0,N/A,N/A,N/A,N/A,N/A,N/A,N/A,N/A,N/A,1.65
697,,2.5,Bachelors,,F,N/A,0,1,2,N/A,N/A,N/A,N/A,N/A,N/A,N/A,N/A,N/A,9.47
698,,3.1,Phd,,F,0,1,1,3,N/A,N/A,N/A,N/A,N/A,N/A,N/A,N/A,N/A,8.46
699,,4.0,Masters,,M,N/A,1,0,2,N/A,N/A,N/A,N/A,N/A,N/A,N/A,N/A,N/A,8.96
700,,2.5,Bachelors,,F,N/A,0,0,0,N/A,N/A,N/A,N/A,N/A,N/A,N/A,N/A,N/A,2.33
701,,2.1,Phd,,F,0,1,1,4,N/A,N/A,N/A,N/A,N/A,N/A,N/A,N/A,N/A,9.9
702,,3.1,Phd,,F,N/A,1,N/A,1,N/A,N/A,N/A,N/A,N/A,N/A,N/A,N/A,N/A,6.77
703,,2.0,Bachelors,,M,0,0,1,2,N/A,N/A,N/A,N/A,N/A,N/A,N/A,N/A,N/A,7.05
704,,3.0,Phd,,M,1,1,0,2,N/A,N/A,N/A,N/A,N/A,N/A,N/A,N/A,N/A,4.43
705,,2.9,Phd,,M,N/A,1,1,3,N/A,N/A,N/A,N/A,N/A,N/A,N/A,N/A,N/A,0.75
706,,3.5,Phd,,M,1,0,1,3,N/A,N/A,N/A,N/A,N/A,N/A,N/A,N/A,N/A,3.84
707,,2.4,Masters,,N/A,0,0,0,3,N/A,N/A,N/A,N/A,N/A,N/A,N/A,N/A,N/A,4.99
708,,3.5,Phd,,F,0,1,N/A,2,N/A,N/A,N/A,N/A,N/A,N/A,N/A,N/A,N/A,4.39
709,,2.0,Masters,,M,0,1,1,2,N/A,N/A,N/A,N/A,N/A,N/A,N/A,N/A,N/A,0.28
710,,3.0,Bachelors,,M,N/A,1,1,2,N/A,N/A,N/A,N/A,N/A,N/A,N/A,N/A,N/A,8.54
711,,3.9,Masters,,N/A,0,0,N/A,0,N/A,N/A,N/A,N/A,N/A,N/A,N/A,N/A,N/A,5.57
712,,4.0,Bachelors,,F,N/A,0,N/A,3,N/A,N/A,N/A,N/A,N/A,N/A,N/A,N/A,N/A,0.53
713,,2.1,Phd,,M,N/A,0,0,0,N/A,N/A,N/A,N/A,N/A,N/A,N/A,N/A,N/A,3.7
714,,2.0,Bachelors,,M,0,1,N/A,3,N/A,N/A,N/A,N/A,N/A,N/A,N/A,N/A,N/A,5.32
715,,3.4,Phd,,N/A,N/A,0,0,2,N/A,N/A,N/A,N/A,N/A,N/A,N/A,N/A,N/A,9.16
716,,2.1,Bachelors,,M,0,1,N/A,3,N/A,N/A,N/A,N/A,N/A,N/A,N/A,N/A,N/A,7.15
717,,2.5,Bachelors,,N/A,1,1,0,1,N/A,N/A,N/A,N/A,N/A,N/A,N/A,N/A,N/A,8.18
718,,3.5,Masters,,M,N/A,0,0,2,N/A,N/A,N/A,N/A,N/A,N/A,N/A,N/A,N/A,6.39
719,,2.7,Bachelors,,F,0,0,1,4,N/A,N/A,N/A,N/A,N/A,N/A,N/A,N/A,N/A,6.71
720,,3.7,Bachelors,,F,N/A,1,N/A,2,N/A,N/A,N/A,N/A,N/A,N/A,N/A,N/A,N/A,0.39
721,,3.9,Bachelors,,N/A,1,0,1,3,N/A,N/A,N/A,N/A,N/A,N/A,N/A,N/A,N/A,2.3
722,,2.9,Bachelors,,N/A,N/A,1,1,4,N/A,N/A,N/A,N/A,N/A,N/A,N/A,N/A,N/A,1.07
723,,2.8,Phd,,F,N/A,0,N/A,2,N/A,N/A,N/A,N/A,N/A,N/A,N/A,N/A,N/A,0.79
724,,3.8,Bachelors,,M,N/A,1,1,0,N/A,N/A,N/A,N/A,N/A,N/A,N/A,N/A,N/A,2.1
725,,2.6,Phd,,F,0,0,0,3,N/A,N/A,N/A,N/A,N/A,N/A,N/A,N/A,N/A,6.74
726,,2.7,Masters,,F,N/A,0,1,1,N/A,N/A,N/A,N/A,N/A,N/A,N/A,N/A,N/A,9.03
727,,3.9,Bachelors,,F,N/A,1,0,2,N/A,N/A,N/A,N/A,N/A,N/A,N/A,N/A,N/A,4.2
728,,3.6,Bachelors,,M,N/A,0,N/A,0,N/A,N/A,N/A,N/A,N/A,N/A,N/A,N/A,N/A,0.56
729,,3.4,Phd,,M,0,1,1,3,N/A,N/A,N/A,N/A,N/A,N/A,N/A,N/A,N/A,4.0
730,,2.4,Phd,,F,1,0,1,4,N/A,N/A,N/A,N/A,N/A,N/A,N/A,N/A,N/A,3.17
731,,2.9,Phd,,F,N/A,1,0,3,N/A,N/A,N/A,N/A,N/A,N/A,N/A,N/A,N/A,0.72
732,,4.0,Phd,,F,1,1,N/A,0,N/A,N/A,N/A,N/A,N/A,N/A,N/A,N/A,N/A,8.44
733,,3.8,Bachelors,,F,N/A,0,1,4,N/A,N/A,N/A,N/A,N/A,N/A,N/A,N/A,N/A,2.39
734,,2.0,Phd,,F,1,0,N/A,1,N/A,N/A,N/A,N/A,N/A,N/A,N/A,N/A,N/A,4.09
735,,2.9,Bachelors,,N/A,0,1,N/A,3,N/A,N/A,N/A,N/A,N/A,N/A,N/A,N/A,N/A,4.52
736,,2.8,Masters,,F,1,1,N/A,0,N/A,N/A,N/A,N/A,N/A,N/A,N/A,N/A,N/A,4.33
737,,2.8,Phd,,F,1,0,N/A,2,N/A,N/A,N/A,N/A,N/A,N/A,N/A,N/A,N/A,3.82
738,,2.1,Masters,,M,N/A,1,N/A,2,N/A,N/A,N/A,N/A,N/A,N/A,N/A,N/A,N/A,4.58
739,,2.0,Bachelors,,N/A,N/A,1,1,1,N/A,N/A,N/A,N/A,N/A,N/A,N/A,N/A,N/A,6.73
740,,2.6,Bachelors,,F,1,0,1,3,N/A,N/A,N/A,N/A,N/A,N/A,N/A,N/A,N/A,4.55
741,,2.7,Bachelors,,N/A,N/A,1,1,4,N/A,N/A,N/A,N/A,N/A,N/A,N/A,N/A,N/A,0.27
742,,3.4,Bachelors,,F,0,0,1,4,N/A,N/A,N/A,N/A,N/A,N/A,N/A,N/A,N/A,1.8
743,,3.7,Masters,,M,N/A,0,1,1,N/A,N/A,N/A,N/A,N/A,N/A,N/A,N/A,N/A,1.37
744,,3.1,Bachelors,,F,N/A,1,0,1,N/A,N/A,N/A,N/A,N/A,N/A,N/A,N/A,N/A,6.91
745,,2.6,Bachelors,,M,0,1,N/A,3,N/A,N/A,N/A,N/A,N/A,N/A,N/A,N/A,N/A,6.48
746,,3.4,Bachelors,,M,0,0,0,3,N/A,N/A,N/A,N/A,N/A,N/A,N/A,N/A,N/A,4.31
747,,4.0,Phd,,F,1,0,N/A,2,N/A,N/A,N/A,N/A,N/A,N/A,N/A,N/A,N/A,6.68
748,,3.7,Masters,,N/A,0,0,0,0,N/A,N/A,N/A,N/A,N/A,N/A,N/A,N/A,N/A,9.01
749,,3.9,Bachelors,,M,0,0,0,4,N/A,N/A,N/A,N/A,N/A,N/A,N/A,N/A,N/A,7.36
750,,3.6,Masters,,M,N/A,1,1,3,N/A,N/A,N/A,N/A,N/A,N/A,N/A,N/A,N/A,3.32
751,,2.4,Phd,,N/A,0,0,1,0,N/A,N/A,N/A,N/A,N/A,N/A,N/A,N/A,N/A,8.19
752,,3.9,Masters,,F,1,0,0,1,N/A,N/A,N/A,N/A,N/A,N/A,N/A,N/A,N/A,9.07
753,,3.3,Bachelors,,N/A,0,0,1,2,N/A,N/A,N/A,N/A,N/A,N/A,N/A,N/A,N/A,0.14
754,,3.0,Masters,,M,0,0,0,2,N/A,N/A,N/A,N/A,N/A,N/A,N/A,N/A,N/A,9.82
755,,2.5,Masters,,N/A,1,1,1,1,N/A,N/A,N/A,N/A,N/A,N/A,N/A,N/A,N/A,1.83
756,,2.2,Masters,,N/A,1,1,N/A,2,N/A,N/A,N/A,N/A,N/A,N/A,N/A,N/A,N/A,5.9
757,,3.8,Masters,,M,N/A,0,0,4,N/A,N/A,N/A,N/A,N/A,N/A,N/A,N/A,N/A,9.29
758,,3.8,Bachelors,,M,N/A,0,N/A,4,N/A,N/A,N/A,N/A,N/A,N/A,N/A,N/A,N/A,3.96
759,,2.3,Phd,,F,N/A,1,N/A,3,N/A,N/A,N/A,N/A,N/A,N/A,N/A,N/A,N/A,4.1
760,,3.2,Masters,,F,N/A,1,N/A,4,N/A,N/A,N/A,N/A,N/A,N/A,N/A,N/A,N/A,7.5
761,,2.5,Phd,,M,N/A,1,N/A,1,N/A,N/A,N/A,N/A,N/A,N/A,N/A,N/A,N/A,1.81
762,,3.7,Bachelors,,M,N/A,1,1,4,N/A,N/A,N/A,N/A,N/A,N/A,N/A,N/A,N/A,1.92
763,,2.0,Bachelors,,M,N/A,0,0,3,N/A,N/A,N/A,N/A,N/A,N/A,N/A,N/A,N/A,1.09
764,,2.8,Masters,,M,1,1,0,3,N/A,N/A,N/A,N/A,N/A,N/A,N/A,N/A,N/A,3.42
765,,3.8,Masters,,F,N/A,0,1,1,N/A,N/A,N/A,N/A,N/A,N/A,N/A,N/A,N/A,3.09
766,,3.8,Phd,,M,0,1,1,1,N/A,N/A,N/A,N/A,N/A,N/A,N/A,N/A,N/A,2.2
767,,3.0,Bachelors,,F,N/A,0,1,0,N/A,N/A,N/A,N/A,N/A,N/A,N/A,N/A,N/A,3.61
768,,2.7,Bachelors,,M,1,1,N/A,3,N/A,N/A,N/A,N/A,N/A,N/A,N/A,N/A,N/A,2.38
769,,2.4,Masters,,N/A,1,0,1,4,N/A,N/A,N/A,N/A,N/A,N/A,N/A,N/A,N/A,7.1
770,,3.1,Bachelors,,M,N/A,0,1,4,N/A,N/A,N/A,N/A,N/A,N/A,N/A,N/A,N/A,5.32
771,,2.9,Phd,,M,0,1,0,4,N/A,N/A,N/A,N/A,N/A,N/A,N/A,N/A,N/A,6.0
772,,3.0,Bachelors,,N/A,1,0,0,0,N/A,N/A,N/A,N/A,N/A,N/A,N/A,N/A,N/A,6.27
773,,2.1,Phd,,N/A,1,1,N/A,0,N/A,N/A,N/A,N/A,N/A,N/A,N/A,N/A,N/A,8.52
774,,3.6,Phd,,F,1,0,N/A,2,N/A,N/A,N/A,N/A,N/A,N/A,N/A,N/A,N/A,0.96
775,,2.8,Masters,,M,N/A,1,N/A,1,N/A,N/A,N/A,N/A,N/A,N/A,N/A,N/A,N/A,0.98
776,,3.6,Phd,,N/A,1,0,0,1,N/A,N/A,N/A,N/A,N/A,N/A,N/A,N/A,N/A,2.75
777,,3.6,Bachelors,,N/A,0,1,1,1,N/A,N/A,N/A,N/A,N/A,N/A,N/A,N/A,N/A,4.02
778,,4.0,Masters,,F,1,1,N/A,4,N/A,N/A,N/A,N/A,N/A,N/A,N/A,N/A,N/A,3.63
779,,2.9,Phd,,N/A,N/A,0,N/A,2,N/A,N/A,N/A,N/A,N/A,N/A,N/A,N/A,N/A,6.93
780,,3.2,Bachelors,,F,0,0,0,0,N/A,N/A,N/A,N/A,N/A,N/A,N/A,N/A,N/A,6.43
781,,2.2,Masters,,M,1,0,1,4,N/A,N/A,N/A,N/A,N/A,N/A,N/A,N/A,N/A,2.34
782,,3.4,Masters,,F,N/A,0,N/A,4,N/A,N/A,N/A,N/A,N/A,N/A,N/A,N/A,N/A,7.37
783,,2.0,Bachelors,,N/A,N/A,1,1,2,N/A,N/A,N/A,N/A,N/A,N/A,N/A,N/A,N/A,0.11
784,,3.9,Masters,,M,N/A,0,1,1,N/A,N/A,N/A,N/A,N/A,N/A,N/A,N/A,N/A,4.34
785,,3.8,Phd,,N/A,1,0,0,2,N/A,N/A,N/A,N/A,N/A,N/A,N/A,N/A,N/A,5.2
786,,4.0,Masters,,N/A,1,0,N/A,4,N/A,N/A,N/A,N/A,N/A,N/A,N/A,N/A,N/A,9.83
787,,2.4,Masters,,M,0,0,0,0,N/A,N/A,N/A,N/A,N/A,N/A,N/A,N/A,N/A,2.3
788,,2.1,Masters,,N/A,1,1,N/A,4,N/A,N/A,N/A,N/A,N/A,N/A,N/A,N/A,N/A,2.77
789,,2.5,Phd,,N/A,1,0,1,0,N/A,N/A,N/A,N/A,N/A,N/A,N/A,N/A,N/A,0.21
790,,3.4,Bachelors,,M,1,0,0,0,N/A,N/A,N/A,N/A,N/A,N/A,N/A,N/A,N/A,0.98
791,,2.6,Masters,,N/A,1,0,0,3,N/A,N/A,N/A,N/A,N/A,N/A,N/A,N/A,N/A,8.45
792,,3.2,Phd,,M,1,0,1,4,N/A,N/A,N/A,N/A,N/A,N/A,N/A,N/A,N/A,7.63
793,,3.0,Masters,,M,0,0,1,0,N/A,N/A,N/A,N/A,N/A,N/A,N/A,N/A,N/A,4.79
794,,3.0,Masters,,M,1,1,N/A,4,N/A,N/A,N/A,N/A,N/A,N/A,N/A,N/A,N/A,5.11
795,,3.7,Bachelors,,F,N/A,1,0,2,N/A,N/A,N/A,N/A,N/A,N/A,N/A,N/A,N/A,6.35
796,,3.5,Phd,,M,0,1,N/A,3,N/A,N/A,N/A,N/A,N/A,N/A,N/A,N/A,N/A,0.22
797,,2.8,Phd,,F,1,1,0,1,N/A,N/A,N/A,N/A,N/A,N/A,N/A,N/A,N/A,8.7
798,,2.9,Bachelors,,F,0,0,N/A,1,N/A,N/A,N/A,N/A,N/A,N/A,N/A,N/A,N/A,4.46
799,,2.4,Bachelors,,N/A,1,0,0,3,N/A,N/A,N/A,N/A,N/A,N/A,N/A,N/A,N/A,7.22
800,,2.0,Phd,,M,N/A,0,1,0,N/A,N/A,N/A,N/A,N/A,N/A,N/A,N/A,N/A,2.96